Unnamed: 0,Unnamed: 0.1,TripId,TripId_raw,VehId,Aggressiveness,Distance[km],Fuel Consumed[L],Fuel Rate[gpm],Weight,Displacement,SpeedAverage,SpeedVariance
0,0,9,3265,125,5906.293169608594,1.447777777777778,0.1705289720290713,0.1177867036271406,3500,2.4,42.13530927835052,327.98553874293316
1,1,13,872,474,6409.282860947308,2.1904166666666667,0.197068596231957,0.0899685430771727,3000,1.5,50.044444444444444,130.9916489738146
2,2,34,1869,231,5199.283588825114,1.9696944444444449,0.1676847346795187,0.0851323590582672,3000,1.8,50.975376196990425,333.92268050896683
3,3,55,1045,375,4243.048927912452,11.787750000000004,1.8736588612940024,0.1589496605623636,4500,3.3,29.327433628318584,191.81147281921616
4,4,61,767,458,4326.967847958733,1.8255277777777776,0.1928311474259686,0.1056303551078815,3500,2.4,25.42325581395349,348.8031837994423
5,5,66,925,124,2678.818420629389,1.036277777777778,0.081602831612719,0.0787460981627053,3000,1.8,56.736111111111114,530.3905038759689
6,6,75,1907,475,3810.1112168235945,1.6933888888888888,0.1310971215475364,0.0774170200405385,3000,1.5,32.20472440944882,216.83077115360584
7,7,88,2206,347,4619.35739197111,3.3690833333333337,0.4160423676572318,0.1234882982979242,4000,3.3,34.12686567164179,516.3275961413357
8,8,93,927,452,4781.170242934115,5.877222222222223,0.5211077739346074,0.0886656577258997,3000,1.5,35.56900974858902,417.524624326907
9,9,130,1521,405,8972.284076372767,1.172611111111111,0.1224147088620241,0.1043949760513779,3000,1.5,39.97356426618049,262.6224756968241
10,10,131,544,407,3765.4679545751214,3.4048888888888884,0.4377841126575799,0.1285751538284238,3500,2.3,51.61165048543689,188.6320197982106
11,11,148,1614,231,4683.705331328784,1.2009722222222223,0.0917600534794439,0.0764048091883886,3000,1.8,33.12899262899263,194.3609542115077
12,12,157,875,440,4261.178583980943,0.7113055555555555,0.061320383240457,0.0862082163727282,3000,1.5,89.26621160409556,718.1773422376328
13,13,164,1547,338,4942.752457442058,4.541194444444445,0.3945536708805037,0.0868832364936913,3000,1.8,33.020950846091864,462.2673026435496
14,14,176,733,474,8692.222658060835,0.7789722222222223,0.0695213579137709,0.0892475443032398,3000,1.5,49.62915129151291,322.8067641582146
15,15,179,1367,405,5275.546562700489,2.8143055555555554,0.3011736008208109,0.1070152458130503,3000,1.5,35.6,313.92212006489996
16,16,199,231,458,2399.8380949168545,2.4705833333333334,0.2758016504603777,0.1116342228732935,3500,2.4,63.84084084084084,92.1282065197728
17,17,204,558,458,5586.304594790655,8.117888888888888,1.0157117268480769,0.125120180967037,3500,2.4,15.7,350.5788990825687
18,18,207,1078,201,6845.43576402173,4.356333333333334,0.474184363584185,0.1088494215894525,2500,1.5,46.29874213836478,365.50984068408627
19,19,208,1407,450,2901.8745364805773,1.0861944444444442,0.0758052770857431,0.0697897853128085,3500,1.8,43.91419656786272,394.0035637675507
20,20,240,614,440,5174.896336211215,8.320166666666665,0.7743090656793937,0.0930641292056722,3000,1.5,40.08746846089151,281.7684371044337
21,21,245,948,355,2942.26200203648,4.419388888888889,0.4242755962799318,0.0960032273572109,3000,1.8,37.77095990279465,266.54750874368
22,22,248,1116,405,3951.343408491549,2.8544722222222223,0.2998650882864273,0.105050974380469,3000,1.5,45.71551724137931,428.65464994775346
23,23,283,1137,452,6200.444401507101,4.312916666666666,0.4137060579569587,0.0959225716449329,3000,1.5,73.76012965964344,949.218342840304
24,24,351,2060,347,4373.877317026562,3.488666666666667,0.4012341938498115,0.1150107568841424,4000,3.3,45.760736196319016,345.10906612133607
25,25,368,827,386,5874.7687553050255,5.105222222222222,0.5045014001454593,0.0988206542605422,3000,1.5,46.29558011049724,253.82399150256376
26,26,378,961,389,5224.110214170887,1.606972222222222,0.1901432497177676,0.1183239181663175,3000,1.5,49.72,359.0852173913044
27,27,406,847,474,5062.930001528895,7.8124722222222225,0.6836275213991573,0.0875046338666792,3000,1.5,47.695945945945944,634.0563902885938
28,28,414,827,605,5651.697230505508,1.555638888888889,0.1719577472308125,0.1105383443799305,4000,2.3,46.29558011049724,253.82399150256376
29,29,431,819,437,5098.726746261553,4.201833333333333,0.3551386422891001,0.0845199259741621,3000,1.5,87.17969543147208,568.0073108827536
30,30,435,1796,549,6284.965878541394,1.2089166666666666,0.0864571882015532,0.0715162513558033,3000,1.5,47.42470588235294,312.9654666389524
31,31,442,791,386,3285.658315016369,4.183027777777778,0.391876635500571,0.0936825324427451,3000,1.5,46.01592920353982,328.67882382476625
32,32,489,754,605,3716.8674698795176,4.98,0.4302548580395145,0.0863965578392599,4000,2.3,49.3134110787172,576.2914111212784
33,33,555,1014,411,4762.10574258929,3.659305555555555,0.3420310090248869,0.0934688300367854,3000,1.5,41.31336405529954,527.2069039085168
34,34,656,573,372,4058.6996253557504,5.182694444444444,0.3856066660872445,0.0744027397757537,3000,1.5,35.87797619047619,589.4268567874911
35,35,690,1021,124,4798.360355256361,1.667027777777778,0.1521076452388117,0.0912448174328432,3000,1.8,74.97169811320755,219.3610961365678
36,36,715,450,549,5418.176212132892,5.045055555555555,0.3921094524647205,0.0777215331222535,3000,1.5,36.406417112299465,463.8016790293831
37,37,718,1322,292,2813.741277509393,3.726,0.3357116023499193,0.0900997322463551,3000,1.8,27.09722222222222,208.50027081398946
38,38,739,532,407,2290.7762152585537,1.5051666666666668,0.186238582003224,0.1237328636938704,3500,2.3,61.62068965517241,129.87226386806597
39,39,767,843,565,7440.480961923848,1.2475,0.135556696626066,0.1086626826661852,2500,1.3,39.553386911595865,329.87272127426536
40,40,778,1103,353,4173.006106905149,2.4289444444444444,0.2072350703295493,0.0853189832330433,3000,1.8,54.375,207.22955974842768
41,41,780,361,220,4826.003036775871,2.158722222222222,0.1942850325049412,0.0900000150574913,3000,1.8,60.01926782273603,634.6830257177079
42,42,785,1070,430,4137.044751199521,3.294138888888889,0.3393723570451474,0.1030230869104664,3500,1.8,83.46909090909091,916.2937491705376
43,43,791,527,451,6495.748402403755,1.6039722222222224,0.1507579146912115,0.0939903525775178,3000,1.5,42.35947712418301,97.66597867217061
44,44,796,256,564,2924.415553487716,6.298694444444445,0.4400774388798724,0.06986804055371,3000,1.5,56.416256157635466,196.92506841817183
45,45,801,692,372,4086.456227647333,0.8931944444444445,0.0685772925625109,0.0767775628129495,3000,1.5,50.82274247491639,323.85773607775366
46,46,805,664,565,6015.459933006959,1.078055555555555,0.0852900872141926,0.0791147420693361,2500,1.3,34.65384615384615,761.4994036970782
47,47,827,703,402,1545.5815073440883,2.3072222222222223,0.1772140545258795,0.076808403117405,3000,1.8,31.74209012464046,438.91326510895226
48,48,835,811,452,3813.696092344416,4.678138888888888,0.5367816229051947,0.1147425580245409,3000,1.5,51.48125,262.9430424528302
49,49,851,2369,347,3853.0984810668174,3.5057500000000004,0.3725695841892119,0.1062738598557261,4000,3.3,51.81875,291.5720611285266
50,50,854,1080,437,4266.328593127699,6.967583333333334,0.7213479365122079,0.1035291437507803,3000,1.5,52.421933085501855,291.4175441146947
51,51,855,557,458,3753.361363951393,13.226277777777778,1.3755239469811686,0.1039993239286312,3500,2.4,52.85909090909091,88.55083022000831
52,52,862,884,477,6395.4873875015855,0.4382777777777777,0.0376352580490536,0.0858707877909705,3000,1.5,32.49689440993789,169.57655279503106
53,53,863,1057,411,6059.265112603714,1.1248888888888888,0.1149626058842089,0.1021990767441604,3000,1.5,62.417910447761194,871.625725194625
54,54,917,1195,350,5801.915173919027,4.238083333333334,0.4198967984570819,0.0990770509759715,3000,1.5,42.13572854291417,307.3215409181637
55,55,921,3163,125,4991.692872593751,1.528138888888889,0.14455861097094,0.0945978222411765,3500,2.4,48.018543046357614,308.723793630439
56,56,924,1085,475,4785.758133824432,1.22175,0.1066718627653498,0.0873107123104971,3000,1.5,48.045833333333334,565.5600326661105
57,57,928,94,610,4258.56185503433,2.702555555555556,0.2096849647389497,0.0775876611705195,3000,1.5,42.270557029177716,263.47979569953156
58,58,929,1326,405,7740.94209785956,4.3838333333333335,0.4699380903563089,0.1071979828208894,3000,1.5,45.194321766561515,628.5644879393302
59,59,945,640,477,10579.090909090908,0.7333333333333334,0.1274278417579927,0.1737652387608991,3000,1.5,41.17945383615085,339.2490043888167
60,60,1018,715,407,5202.553458983169,2.562972222222222,0.2653862499855863,0.1035462841479739,3500,2.3,45.909375,114.26448863636362
61,61,1025,418,458,2227.139960826089,2.4250833333333333,0.2912811418805336,0.1201118072425828,3500,2.4,52.380094786729856,417.50719353939405
62,62,1026,149,610,3712.347354138399,0.737,0.0810758272280771,0.1100079066866718,3000,1.5,46.78092783505155,400.03198673379694
63,63,1035,999,124,3773.816685135349,0.8773611111111111,0.1130102073891002,0.128806948425126,3000,1.8,59.585903083700444,299.34297745529926
64,64,1043,717,448,7432.389017138114,2.6111388888888887,0.2609021369267205,0.0999189043665699,3000,1.5,32.93630573248408,571.2682748339885
65,65,1146,1253,381,6122.417847835759,2.6221666666666668,0.216162979973455,0.0824367812776158,3500,2.4,40.86190793862575,1406.7225733933883
66,66,1166,1560,5,1658.1426648721397,1.1145,0.1032594375656097,0.0926509085380078,3500,2.0,40.89492753623188,214.6616469038208
67,67,1170,1434,338,1696.6979209131673,1.2265,0.0870243996337494,0.070953444462902,3000,1.8,43.53731343283582,201.0397712038609
68,68,1187,1006,474,6277.107446023595,3.7271944444444447,0.3762816192640054,0.1009557255122201,3000,1.5,71.66576819407008,1235.3258250163908
69,69,1188,1119,124,1843.533329693728,1.017611111111111,0.0771266948400672,0.0757919150036146,3000,1.8,48.08064516129032,294.17794132999273
70,70,1192,793,382,4415.258329309511,1.093027777777778,0.1286333516455804,0.117685345478688,3000,1.5,52.39662447257384,517.1742803364823
71,71,1197,459,549,5447.365032123284,1.941305555555556,0.1853778073101526,0.0954913083000485,3000,1.5,52.48451327433628,495.8290279222181
72,72,1199,689,407,6065.550358813238,4.668166666666667,0.5488374973585669,0.1175702447124639,3500,2.3,33.26451612903226,486.13893214682986
73,73,1204,740,452,3867.071628406085,5.798444444444445,0.5544141662202466,0.0956142930284409,3000,1.5,21.92142857142857,166.726618153964
74,74,1205,1054,375,3082.8901015403744,1.6085555555555555,0.2692782530540445,0.1674037630369828,4500,3.3,48.69774919614148,419.127704594959
75,75,1211,638,477,5094.829828579006,5.446305555555556,0.5797442259550676,0.1064472457597782,3000,1.5,45.7410071942446,119.69441342233074
76,76,1217,1463,231,4039.778080184235,1.5921666666666667,0.1523760998267557,0.0957036113221536,3000,1.8,45.697424892703864,598.1468032435474
77,77,1228,913,405,5633.608201470915,4.487,0.4115668923478017,0.0917242906948521,3000,1.5,52.39047619047619,194.042868507785
78,78,1233,815,447,5418.27792460704,1.1981666666666664,0.1322965573096606,0.1104158219304442,3000,1.5,54.92468619246862,229.8601440312974
79,79,1238,1061,447,11193.629956421157,3.097833333333334,0.4610773065445748,0.1488386420222439,3000,1.5,34.423595505617975,368.53915016240944
80,80,1268,761,407,1248.8691789464365,33.88025,2.503929675143724,0.0739052892214114,3500,2.3,49.061764705882354,442.7767391492679
81,81,1282,952,452,4266.07237136011,5.4717777777777785,0.4646128893387627,0.0849107745613626,3000,1.5,52.13838936669273,929.8877191565691
82,82,1319,1167,386,3052.434155265853,2.4141388888888886,0.1762686685097999,0.0730151315324396,3000,1.5,36.679545454545455,496.7595356293308
83,83,1331,2182,347,11163.41065011434,0.8502777777777778,0.1750885929056027,0.2059192860046291,4000,3.3,50.02389078498293,265.11244097433257
84,84,1344,694,372,6273.454157782517,0.6253333333333333,0.0516575385833747,0.0826080041311962,3000,1.5,33.260251046025104,206.9799513607087
85,85,1355,751,477,5285.560215698021,2.0862500000000006,0.1945816980427839,0.0932686389659838,3000,1.5,64.7013698630137,541.3583772391992
86,86,1408,836,452,3549.670654657884,1.6531111111111112,0.173805069210664,0.1051381652705993,3000,1.5,49.32773109243698,243.60521930291105
87,87,1466,498,458,1487.8243512974052,2.505,0.3351252806645269,0.1337825471714678,3500,2.4,41.308970099667775,275.46651590043535
88,88,1468,621,456,6506.309927839467,0.8430277777777779,0.1161998087284774,0.1378362751400437,3500,1.8,24.651711924439198,297.4234692880728
89,89,1570,396,477,4475.331691427663,1.3985555555555558,0.0988673694145403,0.0706924862740019,3000,1.5,49.054906542056074,289.5770987047057
90,90,1579,854,565,5940.421024758373,1.2588333333333332,0.1074427567174828,0.0853510578981725,2500,1.3,34.94202898550725,642.8396528479946
91,91,1602,1767,437,7081.164756087357,1.327888888888889,0.1594782700674455,0.1200991072384746,3000,1.5,46.12406947890819,439.34359385355185
92,92,1618,1019,441,10318.139750115688,0.4802222222222222,0.1013514001108019,0.2110510414153674,3000,1.8,40.0365296803653,222.45293184096226
93,93,1636,1441,549,5032.555484819879,1.2653611111111114,0.097921739053687,0.0773863983916038,3000,1.5,41.8268156424581,181.00916452200113
94,94,1647,1012,411,4170.605836295965,5.328722222222222,0.5255293407808864,0.0986220183497811,3000,1.5,53.813880126182966,359.2785409096354
95,95,1656,1081,411,3283.5539623607733,5.424305555555556,0.4466939500167143,0.0823504401515898,3000,1.5,31.30316742081448,337.89881080637383
96,96,1677,1442,437,5924.261912596094,1.8572777777777776,0.2265154259894882,0.1219609843501776,3000,1.5,50.54728370221328,132.16744981469887
97,97,1690,846,451,4915.932443604583,1.1759722222222222,0.108857937566614,0.0925684599597993,3000,1.5,55.09189189189189,374.29659478973554
98,98,1691,609,452,7113.960291280264,0.892611111111111,0.0970181285881656,0.1086902542221311,3000,1.5,57.465,415.00629072681704
99,99,1704,1056,468,4009.9620761872416,4.41675,0.4472317032154065,0.1012580977450402,3500,1.8,42.584245076586434,378.40571615033207
100,100,1708,2044,450,7921.802284586096,14.182000000000002,1.9617537203460729,0.138327014549857,3500,1.8,46.062611806797854,408.6071838472439
101,101,1739,1208,452,3996.067703881005,5.849,0.4922063371581121,0.0841522204065843,3000,1.5,44.55048859934853,437.28093930297416
102,102,1748,2397,441,5543.217828159217,1.2938333333333334,0.1466527377464249,0.113347472172942,3000,1.8,58.659904534606206,546.9391550685338
103,103,1784,2028,452,3886.091100020325,1.2300277777777775,0.0782116829786648,0.0635852981466528,3000,1.5,38.508856682769725,319.29283044036225
104,104,1804,1065,344,4929.701351631398,1.2063611111111112,0.112799312350456,0.0935037703980385,3500,2.3,51.37741935483871,540.4550627963938
105,105,1827,1177,375,4853.649038087078,1.0699166666666666,0.1894521665873598,0.1770718902600138,4500,3.3,39.506651884700666,720.119267579014
106,106,1837,3296,125,4874.596091706417,1.2636944444444445,0.195460328259958,0.1546737260096825,3500,2.4,52.59327217125382,365.352469934898
107,107,1890,947,441,4675.888085507702,0.5301666666666667,0.0601193766910433,0.1133971267356994,3000,1.8,38.487096774193546,507.5516129032258
108,108,1933,563,477,7029.19348662497,1.5233611111111112,0.1801812865588882,0.118278775298043,3000,1.5,33.77313432835821,401.38044307609937
109,109,1946,1841,381,3506.7817509247843,2.928611111111111,0.3474648162263713,0.1186449149592086,3500,2.4,35.40946502057613,511.48353909465015
110,110,1954,2061,347,3837.404200907292,3.4106388888888888,0.5361525639663172,0.1572000383016168,4000,3.3,56.28974358974359,277.2500230703315
111,111,1983,1113,565,3934.337402045037,1.9070555555555555,0.1298911104193017,0.0681108161956311,2500,1.3,29.666666666666668,387.06247150022796
112,112,2055,547,605,5445.197678832909,2.0487777777777776,0.2496072313716847,0.1218322621804416,4000,2.3,65.47506234413964,1228.933834265771
113,113,2066,557,477,7404.113011724006,1.445277777777778,0.1596307878013972,0.1104499012271823,3000,1.5,52.85909090909091,88.55083022000831
114,114,2068,430,610,3849.445360684996,1.2295277777777778,0.1151088834500044,0.0936204008811007,3000,1.5,55.59847036328872,1624.5511087668403
115,115,2082,616,386,4742.828473990714,4.373972222222222,0.3364726455075557,0.0769261047882487,3000,1.5,34.78027867095391,332.5986664458644
116,116,2083,1179,452,3622.4457288490426,1.220722222222222,0.118857687316202,0.0973666942015945,3000,1.5,77.35755813953489,1091.499331437663
117,117,2114,426,220,4842.950556384076,2.179250000000001,0.184153340013654,0.0845030813415872,3000,1.8,35.53846153846154,167.10942578548213
118,118,2125,2438,458,2857.013826165497,1.599222222222222,0.1588589520541121,0.0993351329456686,3500,2.4,41.443418013856814,365.2982956975451
119,119,2131,1037,405,5414.484608506833,2.1747222222222224,0.2105178314461515,0.096802170546193,3000,1.5,36.04903677758319,518.2166993343167
120,120,2138,180,458,5261.362101240906,7.196805555555556,0.8575909749766575,0.1191627269010543,3500,2.4,35.610921501706486,231.25220907943336
121,121,2191,681,220,3872.33056932413,1.7989166666666665,0.1271956283738036,0.0707067929997518,3000,1.8,48.913690476190474,312.79551350390904
122,122,2196,775,350,5011.272500445553,2.493777777777778,0.1686434898322605,0.06762570880816,3000,1.5,34.027863777089784,319.25698517393226
123,123,2199,742,549,3351.5550444123623,3.4055833333333334,0.4175465514242255,0.1226064701859863,3000,1.5,43.8544776119403,488.97125328414114
124,124,2219,1737,350,6518.097631600513,1.0168611111111112,0.0774623002423072,0.0761778569323642,3000,1.5,39.60349854227405,327.40957836768797
125,125,2225,2558,369,2955.3161147203296,2.103666666666667,0.1057343734992181,0.0502619427186903,3000,1.8,34.02200488997555,269.5411812646819
126,126,2227,336,549,7242.61100994537,0.7932222222222223,0.071226804369093,0.0897942624067568,3000,1.5,43.377833753148614,243.81166440612284
127,127,2243,1207,452,4684.181981004756,4.404611111111111,0.3960943286675528,0.0899271964483678,3000,1.5,31.218884120171673,113.22510498869352
128,128,2272,1157,384,4662.144081124856,1.1833611111111113,0.084855753014961,0.0717074037825074,3000,1.8,50.33606557377049,208.88247992983875
129,129,2289,1220,350,5663.451232583065,1.63275,0.1282222118589109,0.0785314419592166,3000,1.5,35.196816208393635,197.16410579080937
130,130,2297,126,610,4154.529015288509,0.6758888888888889,0.0370396094070091,0.0548013290585373,3000,1.5,41.34470046082949,366.02682843879126
131,131,2326,736,411,5223.318657962654,3.2935,0.2571459067430334,0.0780767896593391,3000,1.5,34.59240506329114,290.8004497847458
132,132,2346,1099,448,3955.627705627706,0.924,0.0529258086184082,0.0572790136562859,3000,1.5,49.56880733944954,505.2660550458716
133,133,2349,1197,452,10896.91272299968,0.5200555555555555,0.0737491395935572,0.1418101177955379,3000,1.5,47.11,566.7424707846411
134,134,2354,982,344,3800.982250455698,4.586972222222222,0.513985072587186,0.1120532341785533,3500,2.3,35.49447748513169,375.3522228772563
135,135,2356,2552,347,3422.813819672536,3.3744166666666664,0.5851304067499619,0.1734019430765698,4000,3.3,39.875457875457876,763.4550204697264
136,136,2360,1609,438,6480.405920783543,2.5128055555555555,0.3616316409124309,0.1439154892478251,5000,3.5,41.637305699481864,381.1177677029361
137,137,2395,2050,347,3324.555018857937,3.77825,0.4643494894128476,0.1229006787303242,4000,3.3,51.096509240246405,587.873512981929
138,138,2410,740,397,5298.3903510738455,1.2390555555555558,0.0943877149712621,0.0761771452039061,3000,1.8,21.92142857142857,166.726618153964
139,139,2416,871,447,3660.216464414562,6.013305555555556,0.5505194887879474,0.0915502270260214,3000,1.5,42.33114754098361,251.5945947401007
140,140,2422,966,452,6186.3314334416455,1.5644166666666666,0.1876795066658836,0.1199677238582327,3000,1.5,48.78333333333333,419.4779329608938
141,141,2447,1104,441,6006.579668823336,1.0132222222222222,0.0798474128107454,0.0788054299042339,3000,1.8,37.87354085603113,391.954737145501
142,142,2471,449,566,5467.1455875568445,5.057666666666667,0.5450267353077239,0.107762486385235,3000,1.5,50.88292682926829,257.9077953132472
143,143,2473,2246,458,7252.872471750071,0.8775833333333334,0.084070053664177,0.0957972314091847,3500,2.4,44.40161725067385,465.0752772209025
144,144,2506,954,350,4396.529980509802,4.361166666666667,0.4811065533798446,0.1103160209530732,3000,1.5,51.89979123173278,927.0694351027681
145,145,2538,3160,125,4170.199878861296,2.9351111111111114,0.2977055413512866,0.1014290533071463,3500,2.4,43.830939226519334,335.19373197086003
146,146,2547,803,447,8066.967644845748,2.6580000000000004,0.3225961359931064,0.1213679969876246,3000,1.5,39.31378600823045,402.16405279865063
147,147,2566,835,372,5636.933751417707,2.0818055555555555,0.1545837468184085,0.0742546518842178,3000,1.5,44.91512345679013,178.69603058751693
148,148,2571,2488,347,2911.340140699688,3.4983888888888885,0.434716697105529,0.1242619705562802,4000,3.3,40.97309027777778,438.49884083285065
149,149,2575,1076,447,5333.250685716942,1.792527777777778,0.1549727444265885,0.0864548635439895,3000,1.5,43.249753208292205,316.6895379825119
150,150,2579,2554,347,4376.499165022014,1.6467500000000002,0.2678193907280434,0.1626351241706654,4000,3.3,42.333333333333336,299.9487179487179
151,151,2595,834,456,6925.554259043173,1.4283333333333337,0.1619792758073285,0.1134043937974295,3500,1.8,45.26063829787234,428.3158865248227
152,152,2604,1222,353,1655.40126809805,1.406305555555556,0.1279053298551364,0.0909513080922217,3000,1.8,40.88295165394402,340.3893259593914
153,153,2627,1362,381,3824.7279322853688,1.8377777777777773,0.1545488704161334,0.0840955159459009,3500,2.4,31.291338582677167,349.4658823675409
154,154,2641,1692,381,4849.21260564284,3.030388888888889,0.3327972582822189,0.1098199836669283,3500,2.4,46.36666666666667,320.5480519480519
155,155,2661,1173,350,5394.624110051888,3.6831111111111112,0.3116908173971864,0.0846270470789995,3000,1.5,42.757407407407406,145.84641998213428
156,156,2707,725,549,4112.6320078406325,5.044944444444445,0.5928426910856964,0.1175122338043865,3000,1.5,39.72148148148148,639.4212579963211
157,157,2721,1327,405,4682.694218160144,0.8388333333333333,0.0908623748291106,0.1083199382027943,3000,1.5,62.93326157158235,1207.1701101481012
158,158,2724,462,610,3667.872611464969,1.0902777777777777,0.1073968943414806,0.0985041578673452,3000,1.5,34.55202702702703,456.2123015002832
159,159,2736,326,458,5626.223241060731,4.010861111111111,0.4180775011852801,0.1042363446660116,3500,2.4,12.503685503685503,201.99444451168594
160,160,2777,1133,350,5639.446955121034,3.7248333333333337,0.3323223023416883,0.0892180327553863,3000,1.5,48.08641975308642,347.90572390572385
161,161,2810,592,477,10523.369421705836,0.2103888888888888,0.0467153072706394,0.2220426540458172,3000,1.5,38.79651162790697,354.49491490948543
162,162,2819,684,372,3556.3749727636887,1.6573055555555556,0.1149906031784361,0.069384069095146,3000,1.5,40.95939086294416,383.98813840256923
163,163,2826,1211,437,3166.8910482222705,3.982138888888889,0.40868750909687,0.1026301493996618,3000,1.5,40.006230529595015,139.18746105919004
164,164,2836,411,458,6433.133616427201,0.9550555555555555,0.1379023686005819,0.1443919862026917,3500,2.4,67.99270072992701,1219.1304268320557
165,165,2872,566,386,4809.464560619161,1.3171944444444448,0.0906176023435139,0.0687959190275312,3000,1.5,58.09004739336493,651.6516887635732
166,166,2886,248,458,3782.7194024783566,2.4545833333333333,0.3361120515360887,0.136932426359975,3500,2.4,90.55221238938053,842.8860101675766
167,167,2896,1046,298,3322.9547459977307,4.407222222222223,0.4056151348309913,0.0920341916923968,3000,1.5,43.7551867219917,323.127316735823
168,168,2897,1189,350,5771.847958368488,3.720472222222222,0.3486966839130627,0.0937237702865545,3000,1.5,26.56953642384106,86.39614956338276
169,169,2937,404,477,6818.714431198706,2.3184722222222223,0.2282513807369326,0.0984490469841199,3000,1.5,50.30364372469636,574.5375069945032
170,170,2950,1081,405,5249.612517528968,4.516333333333334,0.392530692338325,0.0869135786415953,3000,1.5,31.30316742081448,337.89881080637383
171,171,2967,315,220,3443.987699591043,2.6286388888888887,0.2134918256660711,0.0812176318962978,3000,1.8,26.595620437956203,81.33770008964015
172,172,2968,2925,347,4482.32602972277,3.8616111111111113,0.5240116340609391,0.1356976709936397,4000,3.3,51.298804780876495,225.47435856573705
173,173,2994,218,458,3217.3123939060715,2.601861111111111,0.2681404816273974,0.1030571849059573,3500,2.4,49.199829205807,400.97370937251384
174,174,3019,2017,381,9043.080617834292,1.6886944444444445,0.2066514376263103,0.1223734929111439,3500,2.4,43.42857142857143,257.5472689075631
175,175,3046,1076,452,3632.615971497463,6.174888888888889,0.5421664181993061,0.0878018095475178,3000,1.5,43.249753208292205,316.6895379825119
176,176,3090,780,405,3955.7408951904367,4.496250000000001,0.3694686543109117,0.0821726225879147,3000,1.5,48.84662576687116,194.09332704105708
177,177,3096,582,564,5622.574828379423,6.146472222222222,0.6130245084176935,0.0997359926562977,3000,1.5,48.31603773584906,445.82855673790584
178,178,3097,660,477,8031.228230320211,1.1563611111111114,0.1561382508473409,0.135025511794765,3000,1.5,20.62878787878788,337.0290885958825
179,179,3146,827,456,2841.945800370308,1.1551944444444444,0.0647304571353339,0.0560342524556236,3500,1.8,46.29558011049724,253.82399150256376
180,180,3149,702,458,5439.276246269072,4.4950833333333335,0.5137659711653788,0.1142950937873703,3500,2.4,34.365781710914455,330.74154753800775
181,181,3162,2265,565,5412.615508236239,1.2445,0.1397817635425194,0.1123196171494732,2500,1.3,43.35374149659864,181.76522486127558
182,182,3203,848,447,3435.4631263046185,3.952305555555555,0.3447358766503945,0.0872239941483817,3000,1.5,42.4954954954955,336.73812864783525
183,183,3226,1150,405,7821.346515351946,2.3938333333333333,0.2402410203247136,0.1003582901864709,3000,1.5,50.84166666666667,414.48732492997203
184,184,3231,812,350,5709.012611504152,4.063750000000001,0.3806863952577125,0.0936785961876868,3000,1.5,55.01136363636363,296.77208014081583
185,185,3234,1134,350,5640.406144233272,1.6004166666666668,0.1412392189695114,0.0882515296867554,3000,1.5,53.36038961038961,244.94135750243242
186,186,3261,773,124,2731.084048712318,1.1131111111111112,0.0968862682864194,0.0870409677158888,3000,1.8,36.23247232472325,277.416126827935
187,187,3278,1057,298,3540.498328686742,5.709083333333333,0.5468525522827492,0.0957864021864717,3000,1.5,62.417910447761194,871.625725194625
188,188,3287,1306,565,6052.2888335567895,0.5801111111111111,0.0483661281585735,0.0833739041231874,2500,1.3,30.293795620437955,284.0956157731762
189,189,3329,1312,411,3372.3334821888634,4.851833333333333,0.3659191839611281,0.0754187456207883,3000,1.5,40.67508610792193,286.192010768439
190,190,3331,769,382,5297.999160486917,0.9926388888888888,0.1148636758800431,0.1157154703143012,3000,1.5,31.58783783783784,163.0024278515804
191,191,3338,2073,452,3268.4744596686346,1.4535833333333334,0.1132268060658441,0.0778949534363429,3000,1.5,53.68827160493827,34.54958338111072
192,192,3339,271,564,2095.7612649395,3.36775,0.2254712315782467,0.0669501095919372,3000,1.5,44.56405353728489,303.1850655296953
193,193,3343,1616,452,6634.962514881431,0.8633055555555555,0.0728082820745939,0.0843366309947354,3000,1.5,67.91922639362912,842.0492768495988
194,194,3345,440,610,3373.105060713478,1.1049166666666663,0.0979121961847142,0.0886150052203462,3000,1.5,40.56100981767181,195.97696077658887
195,195,3352,464,458,2200.628853405543,2.4824722222222224,0.3327444203936769,0.1340375201039775,3500,2.4,40.84355179704017,391.62801447665464
196,196,3396,756,474,6372.801875732707,1.5638333333333334,0.0978806122362855,0.0625901815429727,3000,1.5,33.497737556561084,286.32385849444677
197,197,3442,820,350,6457.433406693482,3.6602777777777775,0.2935670603966928,0.0802034922537826,3000,1.5,36.182156133829,219.32616145043718
198,198,3450,796,477,4876.489630030533,2.7201944444444446,0.2340362792845901,0.0860365992447971,3000,1.5,38.38028169014085,298.4001750616695
199,199,3464,834,452,4112.167324401616,6.595305555555556,0.6675377059230707,0.1012140681428732,3000,1.5,45.26063829787234,428.3158865248227
200,200,3511,1167,452,6009.679761232557,0.6887222222222222,0.0608825304341097,0.0883992536754033,3000,1.5,36.679545454545455,496.7595356293308
201,201,3518,847,456,9196.986006458555,0.4645,0.0572172916289078,0.1231803910202538,3500,1.8,47.695945945945944,634.0563902885938
202,202,3547,2195,347,2560.565635005336,3.748,0.4423993740928864,0.1180361190215812,4000,3.3,42.06832298136646,332.41397998262164
203,203,3614,669,451,5450.041288191577,0.7064166666666667,0.0764232566871112,0.1081843907331998,3000,1.5,54.23991114402073,1060.954273177287
204,204,3621,1048,468,5700.80142475512,2.0588333333333333,0.3090670110377367,0.1501175476585785,3500,1.8,44.38167938931298,151.7301233118027
205,205,3644,1063,344,19993.42753861321,0.0845277777777777,0.0188098842337099,0.2225290280688655,3500,2.3,55.50246305418719,357.0631127152125
206,206,3673,926,565,5409.236341684274,0.920277777777778,0.086326713652939,0.0938050616210626,2500,1.3,46.76175548589342,647.7040673488299
207,207,3775,1045,441,5480.446927374303,1.1535555555555554,0.1228991633674475,0.1065394404071496,3000,1.8,29.327433628318584,191.81147281921616
208,208,3790,2001,452,5964.208557701609,2.584416666666667,0.2523078896266468,0.0976266299783884,3000,1.5,39.38433734939759,265.6241210923307
209,209,3810,668,382,4270.690356058251,2.3232777777777778,0.1810322164828437,0.0779210382049113,3000,1.5,54.44012944983819,206.72773504812338
210,210,3861,814,350,4812.2818735125065,2.952861111111111,0.2316412262715334,0.0784463669489591,3000,1.5,35.39870340356564,315.02338842290817
211,211,3877,855,452,4942.610397345358,2.611777777777778,0.2309680069550655,0.0884332537477916,3000,1.5,37.30072463768116,333.3892358366271
212,212,3887,907,350,5691.340190133474,3.2111944444444447,0.246347032031853,0.0767150779231223,3000,1.5,40.1578947368421,151.898749807069
213,213,3892,676,451,6985.126588399125,1.4361944444444448,0.1669302255607673,0.1162309366997586,3000,1.5,31.421875,132.70869058363417
214,214,3992,1013,350,4893.2582812378405,3.2125833333333333,0.3089287644418204,0.0961621014578569,3000,1.5,50.50295857988166,410.8110030994647
215,215,4071,194,458,3187.3988127361035,2.470666666666667,0.2896756828367979,0.1172459590542894,3500,2.4,90.53178484107579,825.2627583771506
216,216,4076,569,564,3558.9225314805003,6.8163888888888895,0.5434623477771781,0.0797287767226798,3000,1.5,50.39054726368159,368.442550634127
217,217,4086,1574,447,7145.0926017629,0.2804722222222222,0.0439973831952552,0.1568689506813102,3000,1.5,43.947721179624665,409.22813573960445
218,218,4158,2101,369,3545.2037418741083,1.7519444444444443,0.07744863051913,0.0442072411398237,3000,1.8,39.06785714285714,226.47839253769487
219,219,4188,1338,350,4554.584479911941,1.2618055555555558,0.0955223363127219,0.0757028972428836,3000,1.5,46.04929577464789,361.3756532125616
220,220,4192,627,458,5730.561330561331,5.611666666666666,0.5826893520787605,0.1038353463757815,3500,2.4,41.7920298879203,502.6063204380083
221,221,4249,671,458,6944.908567043594,1.9185277777777776,0.2586017194829649,0.134791751507764,3500,2.4,41.769972451790636,522.8973591716539
222,222,4270,1484,241,4014.5970651340535,4.673694444444444,0.4836985068061744,0.1034938232603417,3000,1.8,47.22095238095238,566.0521821235644
223,223,4289,1906,458,1683.3736468535626,2.8021111111111114,0.2169818387720994,0.0774351302172526,3500,2.4,32.9203187250996,259.02357834132533
224,224,4304,1262,452,6440.675702744208,0.8320555555555555,0.0978767499862912,0.1176324697705309,3000,1.5,44.996078431372545,100.641716844218
225,225,4312,489,372,3404.008734409449,5.253805555555556,0.4798779312585465,0.0913391114658035,3000,1.5,52.2967032967033,411.3638493859083
226,226,4313,184,376,4397.30091448819,7.949194444444445,0.9925498237287071,0.124861686384132,4000,3.3,81.37692307692308,1080.6450252450254
227,227,4321,473,526,3415.2818498161027,4.765638888888889,0.3848288223832553,0.0807507306691838,3000,1.5,50.776744186046514,430.3183390253158
228,228,4342,837,350,7426.248002256275,1.181888888888889,0.0817417468987252,0.069161955634909,3000,1.5,44.90243902439025,194.93846498098006
229,229,4377,1469,565,8871.220978787373,0.4989166666666667,0.0719476913892051,0.1442078330834244,2500,1.3,51.242105263157896,411.2077211498404
230,230,4398,1814,381,5638.979004713227,2.722833333333333,0.3746375508307965,0.1375910696569002,3500,2.4,40.099388379204896,212.23972397450484
231,231,4563,623,452,3875.8606191201975,1.0570555555555556,0.0954315834954478,0.0902805751257718,3000,1.5,30.121654501216543,388.7266274998517
232,232,4583,1453,125,7307.549203778923,6.106972222222223,0.7721984116947651,0.1264453781015849,3500,2.4,45.687600644122384,255.62482987896735
233,233,4589,2074,549,3851.4298735330976,0.4876111111111111,0.034167197522674,0.0700705885163646,3000,1.5,40.28141783029001,391.5723317510366
234,234,4597,935,458,2714.1835128671587,2.717944444444444,0.3139983250881892,0.1155278672932446,3500,2.4,49.549549549549546,141.46797706797707
235,235,4619,681,407,2351.1677459786924,3.324305555555556,0.3453356834082134,0.1038820522473004,3500,2.3,48.913690476190474,312.79551350390904
236,236,4639,793,452,3992.626328345261,4.611,0.36424212852483,0.0789941723107417,3000,1.5,52.39662447257384,517.1742803364823
237,237,4641,2211,347,4069.446842092283,3.379083333333333,0.6249275350357357,0.1849399595656817,4000,3.3,33.55263157894737,256.13788316946216
238,238,4671,376,610,5388.6611338866105,0.5556111111111112,0.0667249615278853,0.1200929214580478,3000,1.5,48.24508966695132,479.27748655178203
239,239,4674,982,350,6384.4005306892,1.591222222222222,0.1808572235364166,0.113659312326496,3000,1.5,35.49447748513169,375.3522228772563
240,240,4720,762,405,4036.318492733867,2.282277777777778,0.1667696867135017,0.0730715990565719,3000,1.5,51.47232472324723,493.77649698862973
241,241,4741,2514,347,4507.225691347011,1.8683333333333327,0.2458373626541284,0.131581104007562,4000,3.3,46.064625850340136,547.282498664995
242,242,4754,813,350,5319.921975981763,1.1819722222222222,0.0929359361346626,0.0786278513042667,3000,1.5,33.712041884816756,366.43123961501084
243,243,4769,1484,411,4780.46204014146,4.838444444444445,0.3955385423901928,0.0817491131564721,3000,1.5,47.22095238095238,566.0521821235644
244,244,4772,1140,350,5795.40148567386,3.926388888888889,0.3479896054051317,0.0886284102906596,3000,1.5,74.37770897832817,1149.348587611299
245,245,4777,2337,347,2645.1366329065545,2.035055555555556,0.1850420323897364,0.0909272633292909,4000,3.3,45.85696361355082,265.9569018240512
246,246,4802,1832,386,7198.46318036286,0.6506944444444445,0.0832427726560561,0.1279291276677917,3000,1.5,93.99752475247524,783.7298575582465
247,247,4841,485,564,4901.815162787379,8.565194444444444,0.9571188624046684,0.1117451411772064,3000,1.5,42.27645051194539,232.57742297442607
248,248,4853,1123,355,4335.389630485465,1.3463611111111111,0.131866934378326,0.0979432139639715,3000,1.8,48.91041666666667,336.8165927279053
249,249,4933,810,350,5751.807145574655,3.2125555555555554,0.2793495312206209,0.0869555487491989,3000,1.5,36.76815181518152,502.4986380347366
250,250,4936,1624,231,3617.2867904997415,1.932111111111111,0.1815720494777141,0.0939759874230506,3000,1.8,35.31617647058823,247.10669934640524
251,251,4979,880,475,3701.5390003307584,4.283083333333334,0.3111887410483046,0.0726553085312305,3000,1.5,45.77258235919235,502.6269496009225
252,252,4990,817,452,4903.242885506287,0.8394444444444444,0.1148317663519,0.1367949566071609,3000,1.5,40.54833141542002,495.8701440190585
253,253,5020,585,549,5487.29792147806,2.70625,0.2549438846303645,0.0942055924731139,3000,1.5,35.391143911439116,147.9205138718054
254,254,5042,2685,347,2866.781675292313,2.6085000000000003,0.2371378992944079,0.0909096796221613,4000,3.3,78.32324723247233,1146.0298505998355
255,255,5053,391,564,5027.537557152187,8.505555555555556,0.9210208717094718,0.1082846224086903,3000,1.5,37.60703363914373,268.2756625501683
256,256,5071,383,564,5803.48917624646,8.515222222222222,0.9625647003438972,0.1130404674386402,3000,1.5,64.78658536585365,163.751720784079
257,257,5079,507,564,3184.220587490154,6.030361111111112,0.6853401499146896,0.1136482769915604,3000,1.5,49.70552147239264,314.38070788107603
258,258,5084,405,372,3887.834119077586,2.604277777777778,0.2075898411867086,0.0797110980088477,3000,1.5,48.30769230769231,238.7089611419508
259,259,5108,1034,452,4375.429975429976,6.105,0.4997527924823358,0.0818595892681958,3000,1.5,47.361702127659576,691.6325227963526
260,260,5139,2932,347,5902.751913925098,1.20825,0.1752177645368943,0.1450178063620064,4000,3.3,23.663594470046082,252.47427035330261
261,261,5150,842,451,5258.655538892874,1.2780833333333332,0.1108931825126821,0.0867652207180143,3000,1.5,45.17338709677419,562.8564548778896
262,262,5153,700,407,4580.774902801983,1.86475,0.2946613443346568,0.1580165407344989,3500,2.3,37.3921568627451,149.8446903513881
263,263,5179,971,201,5244.664783536057,4.818611111111112,0.3210573483333253,0.0666286074825601,2500,1.5,45.280701754385966,268.0616294835449
264,264,5204,1719,350,7585.07118122355,1.0829166666666663,0.0924206309749428,0.0853441763523905,3000,1.5,50.65505226480836,371.3666090007554
265,265,5234,973,382,3257.1350681214826,4.279527777777778,0.3761476047756393,0.0878946520054978,3000,1.5,53.183673469387756,197.94548504333247
266,266,5238,1312,405,5876.662134445648,2.410722222222222,0.2328928029765217,0.0966070668904521,3000,1.5,40.67508610792193,286.192010768439
267,267,5241,491,564,4496.287984752302,5.421583333333333,0.5057262861410583,0.0932801831213621,3000,1.5,32.75141242937853,296.2865506045964
268,268,5244,37,605,5042.484925915863,4.804972222222222,0.4889038651842103,0.1017495716048281,4000,2.3,48.905660377358494,444.0175814751286
269,269,5285,2321,347,8696.376509787588,0.8003333333333332,0.127504969525173,0.1593148307269967,4000,3.3,26.816470588235294,187.64548279689237
270,270,5292,470,458,5058.138482425705,0.9206944444444444,0.1272158690319328,0.1381738206411097,3500,2.4,26.00589970501475,268.7100242621005
271,271,5337,460,549,4369.7670013260085,3.95925,0.3463332170202354,0.0874744502166409,3000,1.5,37.1268115942029,326.3802239789197
272,272,5357,2043,430,3645.552094150225,1.4445,0.182814219358177,0.1265588226778657,3500,1.8,60.73994638069705,309.5585344057194
273,273,5385,931,350,5057.029788017301,3.62188888888889,0.2615318840055144,0.0722086988388388,3000,1.5,82.97843665768194,953.0570885609573
274,274,5402,1004,350,5958.730863101841,2.003111111111111,0.1899759846894491,0.094840462736024,3000,1.5,47.284351145038165,495.7719802853664
275,275,5406,929,452,3703.2740487089,0.7949722222222222,0.0976927641518976,0.1228882738554218,3000,1.5,49.221556886227546,362.83615900728665
276,276,5408,505,458,4219.792438843588,11.991111111111111,1.5326024536517904,0.127811546357173,3500,2.4,74.06737588652483,1055.9207112389895
277,277,5427,1289,565,5938.766950929679,1.5895555555555556,0.1273970377790342,0.0801463260178462,2500,1.3,37.506833712984054,421.209639883444
278,278,5430,348,458,8204.846478025285,0.7382222222222222,0.0846337760206467,0.1146453919605388,3500,2.4,38.1764705882353,505.06926557605294
279,279,5472,1211,292,3782.40814378877,1.5717500000000002,0.112595719971146,0.0716371687425773,3000,1.8,40.006230529595015,139.18746105919004
280,280,5482,492,458,5150.03011379846,3.505222222222222,0.3561415748330258,0.1016031373346826,3500,2.4,45.990338164251206,400.4454270040121
281,281,5489,1366,5,1797.743547473082,1.6175833333333334,0.1578861907015517,0.0976062175271042,3500,2.0,38.448214285714286,289.160104140046
282,282,5536,1024,605,2947.935867561646,1.5973888888888887,0.1429158848022378,0.0894684355176948,4000,2.3,59.158371040723985,347.62480460715756
283,283,5567,760,532,3592.651330768628,3.538055555555556,0.3342311922490756,0.0944674799479212,3500,2.5,49.96975425330813,562.0066592197971
284,284,5608,727,549,4008.738247477251,3.3060277777777776,0.3021206616093977,0.0913847922392458,3000,1.5,47.90397350993378,269.2544452132275
285,285,5630,823,411,3816.61837651803,5.359194444444444,0.4075952389516509,0.076055318234288,3000,1.5,40.6671974522293,397.20166549843054
286,286,5635,2763,347,3617.199163929531,1.6745,0.2038348640079953,0.1217287930773337,4000,3.3,27.447041636230825,383.11579716273883
287,287,5648,1759,452,7029.816905185654,2.2787222222222225,0.2024807292434673,0.0888571354897338,3000,1.5,43.46119733924612,349.32904656319295
288,288,5651,773,405,4591.447669627323,4.550416666666667,0.3712222735998556,0.0815798421975692,3000,1.5,36.23247232472325,277.416126827935
289,289,5725,827,452,4051.689286745596,6.156444444444444,0.5824034121163338,0.0946006119882869,3000,1.5,46.29558011049724,253.82399150256376
290,290,5728,297,605,7536.649378241578,1.7781111111111114,0.237964910271052,0.1338301688708034,4000,2.3,35.690821256038646,221.10998818589093
291,291,5760,461,458,3294.2843542084115,2.5091944444444443,0.3547754513311184,0.1413901788745863,3500,2.4,32.59848484848485,461.04090909090917
292,292,5763,3212,125,5377.584502866179,2.810555555555556,0.2739985046341976,0.0974890904015725,3500,2.4,57.02068965517241,296.18706896551726
293,293,5775,1312,444,5751.379364263855,1.2435277777777778,0.1409891694562886,0.1133783836403241,3000,1.8,40.67508610792193,286.192010768439
294,294,5790,1983,393,3727.305090779637,0.9363333333333332,0.09408982306276,0.1004875290809114,3500,2.5,56.247058823529414,1534.8179115757653
295,295,5820,1199,605,3160.9934203019816,2.1910833333333333,0.1764515946988447,0.0805316676068206,4000,2.3,37.11717495987159,438.40586210278025
296,296,5844,705,448,6112.672059032212,1.76175,0.2000411786142409,0.1135468588700104,3000,1.5,29.083333333333332,211.99302915082384
297,297,5850,1139,350,5416.23586228643,3.347527777777778,0.3063168543103112,0.0915053958159105,3000,1.5,23.494339622641508,205.22818753573472
298,298,5885,2293,347,3836.1395871934496,3.4331388888888887,0.3048918560349607,0.0888084828206984,4000,3.3,49.86588921282799,395.02289737950315
299,299,5896,991,350,4733.508113087222,1.1760833333333338,0.0894602943957798,0.0760662887231174,3000,1.5,41.46235606731621,508.8924203305505
300,300,5914,894,382,4833.57529365184,0.6314166666666668,0.1126540226244185,0.1784147118243397,3000,1.5,49.88931297709924,238.05283554151677
301,301,5917,963,475,3651.3331380017576,1.7065,0.144027272386663,0.0843992220255862,3000,1.5,44.05016181229774,502.62794973066246
302,302,5948,1005,474,3794.172521018081,3.617916666666667,0.2906602815247026,0.0803391311366217,3000,1.5,38.04081632653061,253.6969527537042
303,303,5951,747,372,2987.965388058217,1.675722222222222,0.1028554133708719,0.0613797513733944,3000,1.5,22.79835390946502,367.2195014114206
304,304,5960,1305,437,5785.300595480871,6.1295,0.5907530294639951,0.0963786653828199,3000,1.5,42.06797853309481,345.579976393451
305,305,6012,702,448,6814.698041033963,3.594583333333333,0.3779116723941136,0.1051336517614318,3000,1.5,34.365781710914455,330.74154753800775
306,306,6027,832,448,2574.178659211588,1.4804722222222222,0.1087628404954359,0.0734649653420585,3000,1.5,41.225806451612904,268.5685361804629
307,307,6035,1204,437,7256.691278264883,2.889333333333333,0.3750143462341101,0.1297926902056218,3000,1.5,39.63690922730682,468.29599404355594
308,308,6055,1045,468,7213.57896463128,1.0162777777777778,0.1356352142082176,0.1334627374267707,3500,1.8,29.327433628318584,191.81147281921616
309,309,6064,1988,381,4771.185631030858,2.616750000000001,0.2762193893290291,0.1055581883363061,3500,2.4,35.609375,339.83897058823527
310,310,6086,692,392,6155.527420537082,0.4168611111111111,0.0783684916586442,0.1879966482115808,4500,3.5,50.82274247491639,323.85773607775366
311,311,6103,1381,549,5429.7806848788,0.5775555555555556,0.0551162602252077,0.0954302312479549,3000,1.5,56.554083885209714,839.2431967805585
312,312,6164,606,549,3708.903980143381,2.2046944444444447,0.2390245553121595,0.1084161825301785,3000,1.5,36.111111111111114,367.6965174129353
313,313,6175,484,458,6287.294090542564,2.17025,0.2265668723091929,0.10439666965059,3500,2.4,29.17699115044248,356.5196460176991
314,314,6180,2162,347,5643.003392683129,17.758805555555554,2.870597449744703,0.1616436105888148,4000,3.3,46.870722433460074,395.7465823005254
315,315,6187,541,242,4961.034122013786,3.876611111111112,0.3650021305922398,0.0941549513558565,3500,1.8,46.28535980148883,255.2044368727084
316,316,6190,2627,438,2613.881535773011,3.7671944444444447,0.3872481274779512,0.102794833977586,5000,3.5,65.44954648526077,417.44668725875675
317,317,6204,1058,452,4101.928470034276,3.2092222222222224,0.3215696889326292,0.1002017519092083,3000,1.5,41.628571428571426,379.3669226830517
318,318,6207,348,610,5614.076498041951,1.035611111111111,0.1295727064891325,0.125117145904425,3000,1.5,38.1764705882353,505.06926557605294
319,319,6211,776,477,4068.426230620484,3.2752222222222223,0.2495335649329292,0.0761882852527856,3000,1.5,46.620751341681576,181.45447900436648
320,320,6229,1501,231,5999.473730374528,0.9500833333333334,0.11295939105982,0.1188941928530691,3000,1.8,43.560716655607166,414.8958794329429
321,321,6263,1396,125,6412.994705196087,0.9285833333333332,0.1379736846809559,0.1485851401033358,3500,2.4,45.28860759493671,138.76928612735335
322,322,6266,654,452,4311.791027525056,6.729222222222223,0.5576620617390373,0.0828716965086164,3000,1.5,63.3574144486692,959.8169478280689
323,323,6287,712,477,4392.222543660642,1.824361111111111,0.1471507873067599,0.0806588051074707,3000,1.5,62.36363636363637,270.1968306922435
324,324,6292,1896,452,5925.5616710277,1.2314444444444446,0.1372317871806804,0.1114396900321324,3000,1.5,56.739285714285714,431.60179209943817
325,325,6349,285,549,6219.554615830576,0.8145277777777779,0.1145764240468413,0.1406660732423792,3000,1.5,31.24581005586592,267.9208079713166
326,326,6350,814,477,3630.331753554504,0.633,0.0613322614421277,0.0968914082814024,3000,1.5,35.39870340356564,315.02338842290817
327,327,6355,2493,347,3610.534412891254,3.502805555555556,0.4520610167102147,0.129056840164374,4000,3.3,43.04545454545455,476.2519988155167
328,328,6370,388,564,4403.0430116169655,5.8750277777777775,0.5773864999906309,0.0982780885180813,3000,1.5,42.331343283582086,674.0904817231209
329,329,6383,583,372,3717.788026461608,5.739972222222222,0.4979105984923162,0.0867444264912402,3000,1.5,33.479069767441864,561.4559060021118
330,330,6392,1115,350,5996.657828479758,3.740083333333333,0.3109509967719809,0.0831401252481845,3000,1.5,53.2317880794702,123.44111240676773
331,331,6403,1309,115,2207.0171057560246,1.1123611111111111,0.1282020389486235,0.1152521763553613,3500,2.5,59.14669926650367,1338.2991384186284
332,332,6406,659,452,5348.67617107943,0.8183333333333332,0.0864496112429028,0.1056410728019179,3000,1.5,34.59574468085106,290.53930922621885
333,333,6424,1391,565,4742.647916747692,4.999527777777778,0.4170364472163329,0.0834151675424233,2500,1.3,39.856420626895854,447.68381753949313
334,334,6429,912,405,5990.938305531268,2.446194444444444,0.2351159729857541,0.0961149975300313,3000,1.5,50.35792349726776,530.3509918407067
335,335,6444,3217,125,2839.6002330479987,1.2396111111111112,0.1358382698231852,0.1095813587064641,3500,2.4,37.42748091603053,346.33893129770996
336,336,6455,802,378,6229.979826331023,1.5834722222222224,0.1243706374381505,0.0785429865410651,2500,1.5,47.88235294117647,331.00321220638426
337,337,6477,1007,458,7521.283253087445,2.175027777777778,0.2677869587186919,0.1231188683908623,3500,2.4,49.07011070110701,502.4350014664657
338,338,6478,2320,347,4843.575265619138,3.035361111111111,0.4676664423997514,0.1540727528885548,4000,3.3,27.558641975308642,203.19902875570057
339,339,6483,799,378,4448.527806238138,1.6538055555555555,0.1284900233760067,0.0776935492472956,2500,1.5,41.851851851851855,290.8563516787816
340,340,6484,349,610,3152.9080675422138,1.066,0.1093167972359853,0.1025485902776598,3000,1.5,40.66425120772947,241.05164871156032
341,341,6485,1125,410,2915.7918791845145,5.7130277777777785,0.679259303669651,0.1188965518970162,3500,2.5,83.41921397379913,1460.092225037239
342,342,6489,171,605,2027.3416828364789,1.259777777777778,0.1619507901624992,0.1285550459924583,4000,2.3,40.87353629976581,361.11072995349144
343,343,6511,328,605,3195.85597826087,1.6355555555555554,0.1359300730361062,0.083109419655228,4000,2.3,36.71634615384615,460.02060107766636
344,344,6518,725,440,1157.5174582620357,4.805111111111112,0.6784556944970406,0.1411945902620673,3000,1.5,39.72148148148148,639.4212579963211
345,345,6528,910,350,5837.390351794091,3.321861111111112,0.3777441800768654,0.1137146218465815,3000,1.5,75.54047890535918,751.0614303639952
346,346,6556,468,372,4290.043808201469,3.4810833333333333,0.288255769656531,0.0828063398817028,3000,1.5,38.6489773355445,518.2766043186233
347,347,6571,896,437,4431.470535640928,5.747527777777778,0.527729040098701,0.0918184409893782,3000,1.5,66.30555555555556,167.27959501557635
348,348,6609,2291,437,3714.466203411245,1.0553333333333332,0.0794116664240216,0.0752479467062744,3000,1.5,39.891540130151846,335.5039674408416
349,349,6631,314,564,5211.976204606736,5.944194444444444,0.5305100217964178,0.0892484300025283,3000,1.5,34.10513447432763,107.41293925883313
350,350,6669,2256,347,4612.540192926045,1.866,0.2218810661450628,0.118907323764771,4000,3.3,30.517993456924756,264.4115208602192
351,351,6677,266,610,5032.100069626178,1.1569722222222223,0.1206646628035787,0.1042934830119045,3000,1.5,45.510980966325036,278.95112557588357
352,352,6708,1016,350,6316.604708798018,1.614,0.181670900886943,0.1125594181455657,3000,1.5,62.15555555555556,429.8974549968964
353,353,6731,625,402,2921.6184971098264,0.4805555555555555,0.0696020676373898,0.1448366725402332,3000,1.8,41.713541666666664,332.1055790960452
354,354,6733,1235,437,3443.688181056161,1.6569444444444446,0.1474842724377352,0.0890097872214328,3000,1.5,27.234920634920634,346.70746569814366
355,355,6734,2023,565,6588.835075197552,0.7628055555555556,0.0756720902900592,0.0992023324147748,2500,1.3,88.6971916971917,477.0989040842342
356,356,6738,2713,565,6232.638513878389,0.7715833333333333,0.0871526596446423,0.1129530095837248,2500,1.3,60.208333333333336,558.9226190476189
357,357,6819,1014,350,5782.033717425476,3.852277777777778,0.4182156240291622,0.1085632054992705,3000,1.5,41.31336405529954,527.2069039085168
358,358,6866,560,452,5438.870308435526,0.6727500000000001,0.066045068278931,0.0981717848813541,3000,1.5,49.78776978417266,267.5476699721304
359,359,6912,1415,381,7493.670886075948,0.25675,0.0660458107368446,0.2572378217598624,3500,2.4,38.08074534161491,531.5064268014031
360,360,6964,427,477,7014.506751862102,1.4954722222222223,0.1936618222826854,0.1294987759751968,3000,1.5,56.575221238938056,116.94295195954489
361,361,6994,1130,382,5169.516980766435,1.7200833333333334,0.1977336783728607,0.1149558713470437,3000,1.5,47.84979702300406,310.84055212676617
362,362,7018,1024,350,5161.380711371079,4.758416666666667,0.4062959651484553,0.0853846969717073,3000,1.5,59.158371040723985,347.62480460715756
363,363,7065,785,386,4590.581945301255,4.863,0.5031297580375763,0.1034607768944224,3000,1.5,54.394342762063225,358.6859012756517
364,364,7090,1343,348,4460.772749503726,1.9310555555555555,0.188981171256402,0.0978641814383393,3000,1.5,57.77248677248677,65.98519644264326
365,365,7095,1087,201,7083.4146650611565,4.383055555555556,0.4836184451514491,0.1103381964982075,2500,1.5,55.48945147679325,765.8611170707286
366,366,7108,1438,349,3761.942829980771,2.5712777777777776,0.2177344103475955,0.0846794586836791,3500,2.5,62.641739130434786,318.38013634297835
367,367,7167,1240,349,3231.6050112716653,1.5032777777777775,0.1422003049340983,0.0945934989768198,3500,2.5,54.50261780104712,294.975058745929
368,368,7193,989,355,3275.862961907968,2.145388888888889,0.2065992838887457,0.0962992233989544,3000,1.8,37.24460431654676,367.37451777708264
369,369,7195,1188,405,3370.382617829563,1.4280277777777777,0.0828054397859587,0.0579858746969307,3000,1.5,55.63167938931298,240.13367900982297
370,370,7235,422,458,7968.850142999896,1.612277777777778,0.2759480296071201,0.1711541481316344,3500,2.4,44.1972027972028,369.22576247282126
371,371,7242,1237,405,7419.163273651832,1.5623055555555556,0.1446791099165526,0.0926061546680634,3000,1.5,40.46442953020134,357.6979937937505
372,372,7281,1111,458,8393.742953776773,1.182666666666667,0.1157502761705259,0.0978722741013466,3500,2.4,44.4165170556553,382.4880720199424
373,373,7283,1010,350,4839.804936504503,3.337944444444444,0.2302897737796467,0.0689914939006647,3000,1.5,36.62821833161689,315.0441101213543
374,374,7322,1964,456,2770.663465916145,1.342277777777778,0.0666166325458916,0.0496295428925147,3500,1.8,41.452095808383234,236.05025084965203
375,375,7343,400,458,3866.444299204435,2.465055555555556,0.3096008621129033,0.1255958963744846,3500,2.4,50.53305785123967,327.4366619800419
376,376,7401,1935,422,2067.7093215515138,1.0248055555555555,0.0598255316685692,0.0583774466719565,2500,1.5,22.35249042145594,231.82142646625405
377,377,7422,529,610,4834.65118606746,1.1101111111111113,0.085999355913841,0.0774691425507525,3000,1.5,56.60576923076923,121.50646178580263
378,378,7445,1385,422,6013.185571217781,1.7696111111111112,0.1715501686146983,0.0969422985296383,2500,1.5,45.6955074875208,289.68546311702715
379,379,7451,1469,125,6634.49014688055,0.9853055555555555,0.1057760650492957,0.1073535660617023,3500,2.4,51.242105263157896,411.2077211498404
380,380,7460,786,350,6113.288902957556,3.2468611111111114,0.2939815534995746,0.0905433104278892,3000,1.5,86.78330658105939,1065.9384990167894
381,381,7480,550,382,4246.613571474572,1.2939722222222223,0.1134470607888511,0.0876734900800429,3000,1.5,45.604606525911706,293.99720950834194
382,382,7485,1016,437,1981.476075475704,2.093388888888889,0.1583843760801434,0.0756593182092455,3000,1.5,62.15555555555556,429.8974549968964
383,383,7506,1511,125,4387.89020403358,3.0673055555555555,0.3691702414032505,0.1203565261812939,3500,2.4,50.761989342806395,275.7653141849396
384,384,7510,869,456,6525.9740259740265,0.8213333333333332,0.0690448847998174,0.0840643889608167,3500,1.8,44.493506493506494,339.1579551787614
385,385,7527,1988,125,6962.177149573551,0.9216944444444444,0.120214748631947,0.1304279844112622,3500,2.4,35.609375,339.83897058823527
386,386,7535,996,124,5437.632471913466,2.791472222222222,0.3120311085133903,0.1117801230581438,3000,1.8,53.391061452513966,430.47542527148335
387,387,7539,1428,405,6571.436200037381,3.121083333333333,0.2932480525318015,0.0939571364211576,3000,1.5,47.714285714285715,100.09371428571428
388,388,7545,1503,338,4342.117079441104,6.310055555555556,0.7622478555640002,0.1207989135520201,3000,1.8,46.827586206896555,357.72844827586204
389,389,7547,2305,347,2955.1320277651885,3.493583333333333,0.3832903752296857,0.1097126756853333,4000,3.3,37.028818443804035,538.3626302371979
390,390,7549,1272,405,3506.662693175529,1.3049444444444445,0.0783570495187478,0.0600462723546111,3000,1.5,25.5069033530572,521.7287071902457
391,391,7564,1081,201,4639.567562093323,4.388555555555556,0.4533760554131049,0.103308719617134,2500,1.5,31.30316742081448,337.89881080637383
392,392,7579,1397,349,5523.176803741147,3.855027777777778,0.5232770241832436,0.135738846604339,3500,2.5,61.40677966101695,586.0553382587279
393,393,7627,889,375,5575.562164716346,0.9993611111111113,0.1633895916768745,0.1634940462063953,4500,3.3,23.925619834710744,174.80275482093666
394,394,7630,1849,458,6404.765031422943,2.961388888888889,0.3915346860535386,0.1322131948028082,3500,2.4,38.69461077844311,290.02063343193134
395,395,7631,833,605,4870.687302639272,1.4250555555555555,0.1287134055000136,0.0903216755292286,4000,2.3,53.9572192513369,461.1917083548962
396,396,7634,781,452,5290.098070230939,2.458555555555556,0.2536663385370978,0.1031769804688335,3000,1.5,36.67503924646782,319.5310269245579
397,397,7640,1236,405,6536.941671045717,1.0572222222222225,0.0949178673754891,0.0897804315690385,3000,1.5,45.72452830188679,355.55640365923387
398,398,7672,988,441,5493.914375691548,0.9790833333333332,0.0905069094786383,0.0924404556765392,3000,1.8,59.633663366336634,243.8344554455445
399,399,7686,1542,231,5175.701621798276,2.039916666666667,0.1857638020428864,0.0910644072272003,3000,1.8,45.23471074380165,945.8500624162846
400,400,7698,774,350,5619.995624589805,3.047333333333333,0.2589013466568568,0.0849599693689094,3000,1.5,39.16978922716628,418.95003582891076
401,401,7706,1080,355,4949.897048730268,0.9713333333333332,0.0832238554286418,0.0856800158839827,3000,1.8,52.421933085501855,291.4175441146947
402,402,7741,1224,375,4289.406462176681,9.602027777777778,1.2952969698463614,0.1348982735546861,4500,3.3,36.15781600598355,291.606063490073
403,403,7777,730,448,3452.5627533084034,2.481055555555556,0.1983313890058388,0.0799383103541301,3000,1.5,49.89375,148.64213204592903
404,404,7818,1135,350,5654.226804123711,3.2333333333333334,0.2871436097219982,0.0888073019758757,3000,1.5,59.239669421487605,394.15041322314045
405,405,7828,984,474,3519.089316987741,1.903333333333333,0.1685178861606824,0.0885382939548243,3000,1.5,26.57421451787649,429.535681632006
406,406,7838,443,564,4950.417747732737,4.667888888888889,0.4412772263792257,0.0945346465785872,3000,1.5,36.06462212486309,216.7732316827117
407,407,7862,998,411,5619.6205460434985,5.4025,0.5101371169318147,0.094426120672247,3000,1.5,75.34868421052632,572.6789386545835
408,408,7867,1470,231,5101.013583396539,2.014305555555556,0.209230978589666,0.1038725122971519,3000,1.8,54.967149758454106,655.6778366458293
409,409,7905,249,360,4027.981420336897,1.489083333333333,0.1651260805186002,0.1108910944218032,3000,1.8,49.91896551724138,383.9226103269609
410,410,7952,51,605,7413.135470407512,1.4375833333333334,0.1911380548588974,0.1329578956760054,4000,2.3,36.904,502.1618823529412
411,411,7954,660,564,5578.309409888358,6.27,0.5826156357648575,0.0929211540294828,3000,1.5,20.62878787878788,337.0290885958825
412,412,7960,379,368,5227.540643824082,3.85975,0.5266614941915952,0.1364496390158935,3500,2.4,66.10943396226415,1273.0826758147512
413,413,7961,852,357,9381.799651789885,0.6541388888888889,0.0650940221529459,0.0995110109773685,3500,2.5,39.50370370370371,279.28437284868517
414,414,7971,1000,344,7236.239111948703,1.2086388888888888,0.1465016079050229,0.1212120586651841,3500,2.3,47.357271095152605,388.53939397853355
415,415,7981,439,564,4067.817446089228,5.965361111111111,0.5685428910724063,0.0953073720907583,3000,1.5,37.75552050473186,244.6526156054241
416,416,7994,1158,458,4041.055253263956,3.502055555555556,0.3819338467890023,0.1090599051700119,3500,2.4,23.12878787878788,236.11305806153135
417,417,8006,2473,458,7932.4822695035455,1.7625000000000002,0.2022236678555641,0.1147368328258519,3500,2.4,30.422575976845152,313.8357824978439
418,418,8018,1094,124,3832.58758048674,1.0181111111111112,0.0959653176174656,0.0942581969395602,3000,1.8,43.69102564102564,459.44356505710806
419,419,8035,1525,381,5671.430135325176,3.298638888888889,0.4226625418367036,0.1281324073575913,3500,2.4,50.185800604229605,342.33305071963656
420,420,8036,845,447,6054.117210536079,7.037194444444445,0.7156967085303263,0.101701994193913,3000,1.5,51.84297520661157,232.68347107438018
421,421,8055,809,447,8258.744928389498,2.170305555555556,0.3321631960829417,0.1530490465882415,3000,1.5,39.26583210603829,562.0493991228593
422,422,8089,424,220,1206.4773425545504,4.610944444444445,0.3288279740471405,0.0713146683958279,3000,1.8,33.90756302521008,248.9703223061377
423,423,8093,862,378,2122.2555678407834,1.58275,0.1265407018096413,0.0799498984739481,2500,1.5,40.72393538913363,156.34720566640755
424,424,8144,2513,347,4285.146723148738,6.754027777777779,0.9669082669943668,0.1431602443471887,4000,3.3,35.55898876404494,362.5063696787467
425,425,8161,1645,231,6267.860072552272,1.5238055555555556,0.1171015539407909,0.0768480948988911,3000,1.8,33.744086021505375,295.6459552993739
426,426,8162,554,605,4576.846351141022,2.5342777777777776,0.2698389950860457,0.1064756979097446,4000,2.3,38.98920086393088,300.2314848578348
427,427,8163,549,382,3800.589168366191,1.10325,0.0682262461959435,0.0618411476963004,3000,1.5,41.59679572763685,380.90672768682674
428,428,8203,771,452,7916.032791291494,1.033472222222222,0.101614956168845,0.0983238387872173,3000,1.5,33.1865671641791,156.64914151049268
429,429,8275,569,451,7335.06120249429,1.0824722222222225,0.1070961551959713,0.098936631349405,3000,1.5,50.39054726368159,368.442550634127
430,430,8297,716,451,3605.685570710697,0.9673611111111112,0.1116677509331511,0.115435435279065,3000,1.5,43.796657381615596,439.9557429856367
431,431,8317,2515,347,3144.553684415458,2.56825,0.3995866321011287,0.1555871243458108,4000,3.3,77.97331460674157,952.8417622750044
432,432,8339,755,407,6973.821989528796,0.4456666666666666,0.0575443872655227,0.1291197919196472,3500,2.3,89.98936170212765,842.316236550441
433,433,8367,877,458,4147.072266517699,1.6409166666666666,0.1849002601030861,0.1126810787282024,3500,2.4,45.031976744186046,318.2695221987315
434,434,8368,1069,468,4109.323330536498,2.2512222222222222,0.2685712779458877,0.1193002073694777,3500,1.8,38.75836431226766,201.11676746379626
435,435,8373,1390,381,5654.651317836348,1.2499444444444443,0.1965274020535422,0.1572289095943713,3500,2.4,51.156565656565654,534.3053120032816
436,436,8383,941,124,2996.045536249251,1.8544444444444443,0.1792957880498981,0.0966843674325394,3000,1.8,70.05140186915888,1010.9691764292925
437,437,8384,1136,350,5479.868795732257,0.7706388888888889,0.0698034775901792,0.0905787115036749,3000,1.5,76.95925110132158,841.3224832312555
438,438,8393,974,405,4844.117481043858,8.858166666666667,0.7055124723352857,0.0796454276470246,3000,1.5,31.912457912457914,189.1747429247429
439,439,8400,1110,418,6280.430361705455,1.5981388888888892,0.1227802734853526,0.0768270357094657,3000,1.8,46.432646592709986,435.0077579050637
440,440,8405,587,549,3821.102109616913,3.7408055555555553,0.3854789009970805,0.1030470296496959,3000,1.5,42.32266009852217,199.81415191874962
441,441,8423,1045,383,4057.8501278084223,2.4776666666666665,0.2216758075966994,0.0894695846616572,3000,1.8,29.327433628318584,191.81147281921616
442,442,8428,3067,347,4868.362195667454,6.955111111111112,1.199028320765663,0.1723952790416474,4000,3.3,42.160330578512394,274.25405287066934
443,443,8445,430,564,3465.332055872119,6.610333333333334,0.6383262639031695,0.0965649131011803,3000,1.5,55.59847036328872,1624.5511087668403
444,444,8449,1276,125,6677.617186099056,0.7745277777777778,0.1163898090915315,0.150271962389095,3500,2.4,15.0,79.49726775956285
445,445,8455,662,407,6854.891661195011,2.369111111111111,0.3755541841253956,0.1585211357812851,3500,2.3,42.80152671755725,321.76030534351145
446,446,8462,1191,441,4855.217558721602,0.5771111111111111,0.0600266607748037,0.1040123117006611,3000,1.8,28.45823095823096,162.38140203269356
447,447,8472,1355,351,9290.48039682,0.4088055555555556,0.0569021442499401,0.1391912205611092,3000,1.8,37.59512578616352,972.5684419983274
448,448,8548,1060,298,4067.035585576715,4.231583333333333,0.4394465433159287,0.1038491998619733,3000,1.5,92.12242562929062,829.0445595162267
449,449,8554,682,382,4164.060862639896,1.325388888888889,0.0988396268681421,0.0745740572421745,3000,1.5,41.969635627530366,513.4777779602698
450,450,8579,3124,347,4482.680913556489,4.388222222222223,0.7338393950437461,0.1672293147160002,4000,3.3,16.902887139107612,139.53001795828152
451,451,8587,1476,231,4902.144722349418,2.244527777777778,0.1754481633237365,0.0781670715153461,3000,1.8,62.49878345498784,975.9432911993354
452,452,8590,532,458,4481.720361186113,3.466972222222222,0.4057069618442695,0.117020540067732,3500,2.4,61.62068965517241,129.87226386806597
453,453,8637,482,549,6113.687183711899,1.180138888888889,0.1294194954918156,0.1096646307568639,3000,1.5,38.538565629228685,477.20006894250275
454,454,8656,734,399,4574.720987206242,0.6122777777777778,0.0607489364115761,0.0992179344350214,3000,1.8,25.97441364605544,377.4181473584459
455,455,8683,529,477,5672.333900618398,1.6485277777777776,0.2023434250931969,0.1227418960243161,3000,1.5,56.60576923076923,121.50646178580263
456,456,8686,1008,350,7003.974138442375,3.278138888888889,0.3498268038102672,0.106715064757015,3000,1.5,40.78836833602585,148.84025283498283
457,457,8703,926,350,5520.4962899890525,1.3701666666666663,0.1394408268212409,0.1017692447302573,3000,1.5,46.76175548589342,647.7040673488299
458,458,8715,3324,347,3800.2844474190574,1.660138888888889,0.2168457667518831,0.1306190513355273,4000,3.3,39.29681274900398,368.87180618841995
459,459,8718,838,350,5896.953752053311,4.159944444444445,0.3896214703555355,0.0936602581017326,3000,1.5,66.83024691358025,215.55932996980468
460,460,8729,1049,549,5008.581682009674,2.6704166666666667,0.2989078190430041,0.11193302632286,3000,1.5,47.64543889845095,321.9844145053119
461,461,8780,650,403,6546.041594124908,2.6325833333333337,0.2042974785191587,0.0776034231974266,3000,1.5,43.98392652123995,444.0950889963209
462,462,8792,1261,349,6392.963905427773,2.2487222222222223,0.3196282560465893,0.1421377228756727,3500,2.5,35.0828729281768,156.34309392265192
463,463,8795,1510,125,3861.3089244851258,1.5173611111111112,0.1612907284693191,0.1062968645289792,3500,2.4,55.304582210242586,337.7529248925476
464,464,8809,438,564,4801.137132800866,6.155833333333334,0.5769595070816333,0.0937256543248896,3000,1.5,47.2991452991453,452.90583617622246
465,465,8811,656,348,3750.899588759424,5.187555555555556,0.4722553976088999,0.0910362101285148,3000,1.5,51.89797449362341,937.2823757741236
466,466,8824,257,564,4800.778715120052,6.164000000000001,0.5248743723419632,0.085151585389676,3000,1.5,55.63142857142857,223.14456815390912
467,467,8829,491,382,6179.208848465459,1.2155277777777778,0.077099468019767,0.0634287997603147,3000,1.5,32.75141242937853,296.2865506045964
468,468,8835,493,564,4075.643390097082,2.967138888888888,0.2345816209970269,0.0790598720792848,3000,1.5,40.43842794759826,401.77614437963786
469,469,8839,1833,393,4131.654004391832,1.1005277777777778,0.1194123005890755,0.1085045766224973,3500,2.5,98.48079306071871,700.7065164918623
470,470,8844,1915,338,6376.084368089812,0.6532222222222223,0.0578290934838995,0.0885289745458575,3000,1.8,32.765765765765764,109.96298561004444
471,471,8864,1060,410,3394.297119559192,3.256638888888889,0.291285358308944,0.0894435546117075,3500,2.5,92.12242562929062,829.0445595162267
472,472,8887,984,350,6190.072024147514,3.7178888888888895,0.4097536777854556,0.110211383403637,3000,1.5,26.57421451787649,429.535681632006
473,473,8894,1010,441,5976.977126625803,1.67225,0.2348002579193173,0.1404097819819508,3000,1.8,36.62821833161689,315.0441101213543
474,474,8923,478,372,3920.217758588324,1.7756666666666665,0.1227764298359203,0.0691438501047045,3000,1.5,33.01512455516014,443.8991477137687
475,475,8967,729,451,7425.509308449208,0.6013055555555556,0.0742092362333671,0.1234135217074522,3000,1.5,49.288,99.90025806451612
476,476,8981,1354,437,5740.028428572076,6.1166944444444455,0.5911303275350941,0.0966421214765754,3000,1.5,36.81976744186046,400.32310665129836
477,477,8988,1373,565,9862.856099342584,0.6084444444444445,0.0758619702141837,0.1246818356332456,2500,1.3,31.478494623655912,318.6844558985348
478,478,8999,502,458,4463.312966984431,12.075111111111111,1.4168972168147276,0.1173403046793454,3500,2.4,40.13385826771653,228.10098737657796
479,479,9029,1472,231,4259.571008852503,4.339638888888889,0.3185043618413954,0.0733942085957628,3000,1.8,37.35197817189631,242.67102408695456
480,480,9041,1337,405,6027.446468161536,0.9898055555555556,0.0825954215834388,0.0834461082985939,3000,1.5,28.219919786096256,190.64369534628838
481,481,9073,482,428,4648.80966233041,1.1936388888888887,0.1223484178338927,0.1025003616862567,3000,1.8,38.538565629228685,477.20006894250275
482,482,9103,1205,437,5834.789710999475,2.4826944444444443,0.2170062789975883,0.0874075661961486,3000,1.5,29.159715639810425,352.3419515549474
483,483,9112,1887,381,4835.569116765651,2.549027777777778,0.220539669851968,0.0865191316370168,3500,2.4,38.213157894736845,795.6007046809298
484,484,9162,1411,444,6454.761390628374,1.5436666666666667,0.1828070033121429,0.1184238846764043,3000,1.8,43.6965811965812,305.2739069163053
485,485,9164,506,458,3621.103448275862,12.083333333333334,1.4576704450632296,0.1206347954535086,3500,2.4,36.967948717948715,544.6575079819625
486,486,9189,1910,452,4606.475460332671,1.2174166666666668,0.1104263870411174,0.090705499657294,3000,1.5,49.51305970149254,1243.7888115445182
487,487,9193,1503,231,2151.650009428625,2.946111111111112,0.1960513215450806,0.0665458002604459,3000,1.8,46.827586206896555,357.72844827586204
488,488,9209,1106,355,5662.820299302895,2.3350555555555554,0.1997918142002525,0.0855619103900584,3000,1.8,91.7540192926045,664.1471255261973
489,489,9243,753,372,3776.956785743026,3.796972222222222,0.2524004546734558,0.0664741377870116,3000,1.5,46.678137651821864,437.45860969937115
490,490,9270,243,458,3994.205848960577,1.4190555555555555,0.1216809266168007,0.0857478244177431,3500,2.4,55.775862068965516,138.1055411600558
491,491,9280,929,458,6409.635225215003,5.629805555555555,0.6368552406710722,0.1131220668967183,3500,2.4,49.221556886227546,362.83615900728665
492,492,9332,897,452,7304.3974871502,0.8755,0.0956883367275672,0.1092956444632407,3000,1.5,37.55181347150259,614.8453603391426
493,493,9335,633,382,5997.684547108439,0.5038611111111112,0.0763743280408371,0.1515781360312109,3000,1.5,50.93888888888889,352.38401360544214
494,494,9357,592,372,3522.1646326317705,5.032416666666667,0.4451014189042757,0.0884468533483135,3000,1.5,38.79651162790697,354.49491490948543
495,495,9363,2151,347,6272.0,6.125,1.1553420632808171,0.1886272756376844,4000,3.3,56.26851851851852,480.31040152301824
496,496,9397,1243,565,7868.15290979963,0.4061944444444445,0.043274070789309,0.1065353585731469,2500,1.3,38.89252336448598,66.88510815672852
497,497,9401,412,564,4622.448707818784,3.128861111111111,0.2569935612884427,0.0821364554584463,3000,1.5,52.84498480243161,415.3935799540366
498,498,9430,987,474,4613.607758939809,4.877527777777778,0.4276600278391818,0.0876796703829384,3000,1.5,37.927158273381295,484.0447674544023
499,499,9447,1043,441,5428.398658677369,1.010611111111111,0.0954036185640587,0.094401909414164,3000,1.8,48.15124555160142,465.2694191231976
500,500,9449,1386,381,6720.341605297357,0.8977222222222223,0.1074744373349988,0.1197190341005,3500,2.4,50.948019801980195,509.13624917082285
