,Unnamed: 0,Unnamed: 0.1,TripId,TripId_raw,VehId,Aggressiveness,Distance[km],Fuel Consumed[L],Fuel Rate[gpm],Weight,Displacement
0,0,0,9,3265,125,5906.293169608594,1.447777777777778,0.1705289720290713,0.1177867036271406,3500,2.4
1,1,1,13,872,474,6409.282860947308,2.1904166666666667,0.197068596231957,0.0899685430771727,3000,1.5
2,2,2,34,1869,231,5199.283588825114,1.9696944444444449,0.1676847346795187,0.0851323590582672,3000,1.8
3,3,3,55,1045,375,4243.048927912452,11.787750000000004,1.8736588612940024,0.1589496605623636,4500,3.3
4,4,4,61,767,458,4326.967847958733,1.8255277777777776,0.1928311474259686,0.1056303551078815,3500,2.4
5,5,5,66,925,124,2678.818420629389,1.036277777777778,0.081602831612719,0.0787460981627053,3000,1.8
6,6,6,75,1907,475,3810.1112168235945,1.6933888888888888,0.1310971215475364,0.0774170200405385,3000,1.5
7,7,7,88,2206,347,4619.35739197111,3.3690833333333337,0.4160423676572318,0.1234882982979242,4000,3.3
8,8,8,93,927,452,4781.170242934115,5.877222222222223,0.5211077739346074,0.0886656577258997,3000,1.5
9,9,9,130,1521,405,8972.284076372767,1.172611111111111,0.1224147088620241,0.1043949760513779,3000,1.5
10,10,10,131,544,407,3765.4679545751214,3.4048888888888884,0.4377841126575799,0.1285751538284238,3500,2.3
11,11,11,148,1614,231,4683.705331328784,1.2009722222222223,0.0917600534794439,0.0764048091883886,3000,1.8
12,12,12,157,875,440,4261.178583980943,0.7113055555555555,0.061320383240457,0.0862082163727282,3000,1.5
13,13,13,164,1547,338,4942.752457442058,4.541194444444445,0.3945536708805037,0.0868832364936913,3000,1.8
14,14,14,176,733,474,8692.222658060835,0.7789722222222223,0.0695213579137709,0.0892475443032398,3000,1.5
15,15,15,179,1367,405,5275.546562700489,2.8143055555555554,0.3011736008208109,0.1070152458130503,3000,1.5
16,16,16,199,231,458,2399.8380949168545,2.4705833333333334,0.2758016504603777,0.1116342228732935,3500,2.4
17,17,17,204,558,458,5586.304594790655,8.117888888888888,1.0157117268480769,0.125120180967037,3500,2.4
18,18,18,207,1078,201,6845.43576402173,4.356333333333334,0.474184363584185,0.1088494215894525,2500,1.5
19,19,19,208,1407,450,2901.8745364805773,1.0861944444444442,0.0758052770857431,0.0697897853128085,3500,1.8
20,20,20,240,614,440,5174.896336211215,8.320166666666665,0.7743090656793937,0.0930641292056722,3000,1.5
21,21,21,245,948,355,2942.26200203648,4.419388888888889,0.4242755962799318,0.0960032273572109,3000,1.8
22,22,22,248,1116,405,3951.343408491549,2.8544722222222223,0.2998650882864273,0.105050974380469,3000,1.5
23,23,23,283,1137,452,6200.444401507101,4.312916666666666,0.4137060579569587,0.0959225716449329,3000,1.5
24,24,24,351,2060,347,4373.877317026562,3.488666666666667,0.4012341938498115,0.1150107568841424,4000,3.3
25,25,25,368,827,386,5874.7687553050255,5.105222222222222,0.5045014001454593,0.0988206542605422,3000,1.5
26,26,26,378,961,389,5224.110214170887,1.606972222222222,0.1901432497177676,0.1183239181663175,3000,1.5
27,27,27,406,847,474,5062.930001528895,7.8124722222222225,0.6836275213991573,0.0875046338666792,3000,1.5
28,28,28,414,827,605,5651.697230505508,1.555638888888889,0.1719577472308125,0.1105383443799305,4000,2.3
29,29,29,431,819,437,5098.726746261553,4.201833333333333,0.3551386422891001,0.0845199259741621,3000,1.5
30,30,30,435,1796,549,6284.965878541394,1.2089166666666666,0.0864571882015532,0.0715162513558033,3000,1.5
31,31,31,442,791,386,3285.658315016369,4.183027777777778,0.391876635500571,0.0936825324427451,3000,1.5
32,32,32,489,754,605,3716.8674698795176,4.98,0.4302548580395145,0.0863965578392599,4000,2.3
33,33,33,555,1014,411,4762.10574258929,3.659305555555555,0.3420310090248869,0.0934688300367854,3000,1.5
34,34,34,656,573,372,4058.6996253557504,5.182694444444444,0.3856066660872445,0.0744027397757537,3000,1.5
35,35,35,690,1021,124,4798.360355256361,1.667027777777778,0.1521076452388117,0.0912448174328432,3000,1.8
36,36,36,715,450,549,5418.176212132892,5.045055555555555,0.3921094524647205,0.0777215331222535,3000,1.5
37,37,37,718,1322,292,2813.741277509393,3.726,0.3357116023499193,0.0900997322463551,3000,1.8
38,38,38,739,532,407,2290.7762152585537,1.5051666666666668,0.186238582003224,0.1237328636938704,3500,2.3
39,39,39,767,843,565,7440.480961923848,1.2475,0.135556696626066,0.1086626826661852,2500,1.3
40,40,40,778,1103,353,4173.006106905149,2.4289444444444444,0.2072350703295493,0.0853189832330433,3000,1.8
41,41,41,780,361,220,4826.003036775871,2.158722222222222,0.1942850325049412,0.0900000150574913,3000,1.8
42,42,42,785,1070,430,4137.044751199521,3.294138888888889,0.3393723570451474,0.1030230869104664,3500,1.8
43,43,43,791,527,451,6495.748402403755,1.6039722222222224,0.1507579146912115,0.0939903525775178,3000,1.5
44,44,44,796,256,564,2924.415553487716,6.298694444444445,0.4400774388798724,0.06986804055371,3000,1.5
45,45,45,801,692,372,4086.456227647333,0.8931944444444445,0.0685772925625109,0.0767775628129495,3000,1.5
46,46,46,805,664,565,6015.459933006959,1.078055555555555,0.0852900872141926,0.0791147420693361,2500,1.3
47,47,47,827,703,402,1545.5815073440883,2.3072222222222223,0.1772140545258795,0.076808403117405,3000,1.8
48,48,48,835,811,452,3813.696092344416,4.678138888888888,0.5367816229051947,0.1147425580245409,3000,1.5
49,49,49,851,2369,347,3853.0984810668174,3.5057500000000004,0.3725695841892119,0.1062738598557261,4000,3.3
50,50,50,854,1080,437,4266.328593127699,6.967583333333334,0.7213479365122079,0.1035291437507803,3000,1.5
51,51,51,855,557,458,3753.361363951393,13.226277777777778,1.3755239469811686,0.1039993239286312,3500,2.4
52,52,52,862,884,477,6395.4873875015855,0.4382777777777777,0.0376352580490536,0.0858707877909705,3000,1.5
53,53,53,863,1057,411,6059.265112603714,1.1248888888888888,0.1149626058842089,0.1021990767441604,3000,1.5
54,54,54,917,1195,350,5801.915173919027,4.238083333333334,0.4198967984570819,0.0990770509759715,3000,1.5
55,55,55,921,3163,125,4991.692872593751,1.528138888888889,0.14455861097094,0.0945978222411765,3500,2.4
56,56,56,924,1085,475,4785.758133824432,1.22175,0.1066718627653498,0.0873107123104971,3000,1.5
57,57,57,928,94,610,4258.56185503433,2.702555555555556,0.2096849647389497,0.0775876611705195,3000,1.5
58,58,58,929,1326,405,7740.94209785956,4.3838333333333335,0.4699380903563089,0.1071979828208894,3000,1.5
59,59,59,945,640,477,10579.090909090908,0.7333333333333334,0.1274278417579927,0.1737652387608991,3000,1.5
60,60,60,1018,715,407,5202.553458983169,2.562972222222222,0.2653862499855863,0.1035462841479739,3500,2.3
61,61,61,1025,418,458,2227.139960826089,2.4250833333333333,0.2912811418805336,0.1201118072425828,3500,2.4
62,62,62,1026,149,610,3712.347354138399,0.737,0.0810758272280771,0.1100079066866718,3000,1.5
63,63,63,1035,999,124,3773.816685135349,0.8773611111111111,0.1130102073891002,0.128806948425126,3000,1.8
64,64,64,1043,717,448,7432.389017138114,2.6111388888888887,0.2609021369267205,0.0999189043665699,3000,1.5
65,65,65,1146,1253,381,6122.417847835759,2.6221666666666668,0.216162979973455,0.0824367812776158,3500,2.4
66,66,66,1166,1560,5,1658.1426648721397,1.1145,0.1032594375656097,0.0926509085380078,3500,2.0
67,67,67,1170,1434,338,1696.6979209131673,1.2265,0.0870243996337494,0.070953444462902,3000,1.8
68,68,68,1187,1006,474,6277.107446023595,3.7271944444444447,0.3762816192640054,0.1009557255122201,3000,1.5
69,69,69,1188,1119,124,1843.533329693728,1.017611111111111,0.0771266948400672,0.0757919150036146,3000,1.8
70,70,70,1192,793,382,4415.258329309511,1.093027777777778,0.1286333516455804,0.117685345478688,3000,1.5
71,71,71,1197,459,549,5447.365032123284,1.941305555555556,0.1853778073101526,0.0954913083000485,3000,1.5
72,72,72,1199,689,407,6065.550358813238,4.668166666666667,0.5488374973585669,0.1175702447124639,3500,2.3
73,73,73,1204,740,452,3867.071628406085,5.798444444444445,0.5544141662202466,0.0956142930284409,3000,1.5
74,74,74,1205,1054,375,3082.8901015403744,1.6085555555555555,0.2692782530540445,0.1674037630369828,4500,3.3
75,75,75,1211,638,477,5094.829828579006,5.446305555555556,0.5797442259550676,0.1064472457597782,3000,1.5
76,76,76,1217,1463,231,4039.778080184235,1.5921666666666667,0.1523760998267557,0.0957036113221536,3000,1.8
77,77,77,1228,913,405,5633.608201470915,4.487,0.4115668923478017,0.0917242906948521,3000,1.5
78,78,78,1233,815,447,5418.27792460704,1.1981666666666664,0.1322965573096606,0.1104158219304442,3000,1.5
79,79,79,1238,1061,447,11193.629956421157,3.097833333333334,0.4610773065445748,0.1488386420222439,3000,1.5
80,80,80,1268,761,407,1248.8691789464365,33.88025,2.503929675143724,0.0739052892214114,3500,2.3
81,81,81,1282,952,452,4266.07237136011,5.4717777777777785,0.4646128893387627,0.0849107745613626,3000,1.5
82,82,82,1319,1167,386,3052.434155265853,2.4141388888888886,0.1762686685097999,0.0730151315324396,3000,1.5
83,83,83,1331,2182,347,11163.41065011434,0.8502777777777778,0.1750885929056027,0.2059192860046291,4000,3.3
84,84,84,1344,694,372,6273.454157782517,0.6253333333333333,0.0516575385833747,0.0826080041311962,3000,1.5
85,85,85,1355,751,477,5285.560215698021,2.0862500000000006,0.1945816980427839,0.0932686389659838,3000,1.5
86,86,86,1408,836,452,3549.670654657884,1.6531111111111112,0.173805069210664,0.1051381652705993,3000,1.5
87,87,87,1466,498,458,1487.8243512974052,2.505,0.3351252806645269,0.1337825471714678,3500,2.4
88,88,88,1468,621,456,6506.309927839467,0.8430277777777779,0.1161998087284774,0.1378362751400437,3500,1.8
89,89,89,1570,396,477,4475.331691427663,1.3985555555555558,0.0988673694145403,0.0706924862740019,3000,1.5
90,90,90,1579,854,565,5940.421024758373,1.2588333333333332,0.1074427567174828,0.0853510578981725,2500,1.3
91,91,91,1602,1767,437,7081.164756087357,1.327888888888889,0.1594782700674455,0.1200991072384746,3000,1.5
92,92,92,1618,1019,441,10318.139750115688,0.4802222222222222,0.1013514001108019,0.2110510414153674,3000,1.8
93,93,93,1636,1441,549,5032.555484819879,1.2653611111111114,0.097921739053687,0.0773863983916038,3000,1.5
94,94,94,1647,1012,411,4170.605836295965,5.328722222222222,0.5255293407808864,0.0986220183497811,3000,1.5
95,95,95,1656,1081,411,3283.5539623607733,5.424305555555556,0.4466939500167143,0.0823504401515898,3000,1.5
96,96,96,1677,1442,437,5924.261912596094,1.8572777777777776,0.2265154259894882,0.1219609843501776,3000,1.5
97,97,97,1690,846,451,4915.932443604583,1.1759722222222222,0.108857937566614,0.0925684599597993,3000,1.5
98,98,98,1691,609,452,7113.960291280264,0.892611111111111,0.0970181285881656,0.1086902542221311,3000,1.5
99,99,99,1704,1056,468,4009.9620761872416,4.41675,0.4472317032154065,0.1012580977450402,3500,1.8
100,100,100,1708,2044,450,7921.802284586096,14.182000000000002,1.9617537203460729,0.138327014549857,3500,1.8
101,101,101,1739,1208,452,3996.067703881005,5.849,0.4922063371581121,0.0841522204065843,3000,1.5
102,102,102,1748,2397,441,5543.217828159217,1.2938333333333334,0.1466527377464249,0.113347472172942,3000,1.8
103,103,103,1784,2028,452,3886.091100020325,1.2300277777777775,0.0782116829786648,0.0635852981466528,3000,1.5
104,104,104,1804,1065,344,4929.701351631398,1.2063611111111112,0.112799312350456,0.0935037703980385,3500,2.3
105,105,105,1827,1177,375,4853.649038087078,1.0699166666666666,0.1894521665873598,0.1770718902600138,4500,3.3
106,106,106,1837,3296,125,4874.596091706417,1.2636944444444445,0.195460328259958,0.1546737260096825,3500,2.4
107,107,107,1890,947,441,4675.888085507702,0.5301666666666667,0.0601193766910433,0.1133971267356994,3000,1.8
108,108,108,1933,563,477,7029.19348662497,1.5233611111111112,0.1801812865588882,0.118278775298043,3000,1.5
109,109,109,1946,1841,381,3506.7817509247843,2.928611111111111,0.3474648162263713,0.1186449149592086,3500,2.4
110,110,110,1954,2061,347,3837.404200907292,3.4106388888888888,0.5361525639663172,0.1572000383016168,4000,3.3
111,111,111,1983,1113,565,3934.337402045037,1.9070555555555555,0.1298911104193017,0.0681108161956311,2500,1.3
112,112,112,2055,547,605,5445.197678832909,2.0487777777777776,0.2496072313716847,0.1218322621804416,4000,2.3
113,113,113,2066,557,477,7404.113011724006,1.445277777777778,0.1596307878013972,0.1104499012271823,3000,1.5
114,114,114,2068,430,610,3849.445360684996,1.2295277777777778,0.1151088834500044,0.0936204008811007,3000,1.5
115,115,115,2082,616,386,4742.828473990714,4.373972222222222,0.3364726455075557,0.0769261047882487,3000,1.5
116,116,116,2083,1179,452,3622.4457288490426,1.220722222222222,0.118857687316202,0.0973666942015945,3000,1.5
117,117,117,2114,426,220,4842.950556384076,2.179250000000001,0.184153340013654,0.0845030813415872,3000,1.8
118,118,118,2125,2438,458,2857.013826165497,1.599222222222222,0.1588589520541121,0.0993351329456686,3500,2.4
119,119,119,2131,1037,405,5414.484608506833,2.1747222222222224,0.2105178314461515,0.096802170546193,3000,1.5
120,120,120,2138,180,458,5261.362101240906,7.196805555555556,0.8575909749766575,0.1191627269010543,3500,2.4
121,121,121,2191,681,220,3872.33056932413,1.7989166666666665,0.1271956283738036,0.0707067929997518,3000,1.8
122,122,122,2196,775,350,5011.272500445553,2.493777777777778,0.1686434898322605,0.06762570880816,3000,1.5
123,123,123,2199,742,549,3351.5550444123623,3.4055833333333334,0.4175465514242255,0.1226064701859863,3000,1.5
124,124,124,2219,1737,350,6518.097631600513,1.0168611111111112,0.0774623002423072,0.0761778569323642,3000,1.5
125,125,125,2225,2558,369,2955.3161147203296,2.103666666666667,0.1057343734992181,0.0502619427186903,3000,1.8
126,126,126,2227,336,549,7242.61100994537,0.7932222222222223,0.071226804369093,0.0897942624067568,3000,1.5
127,127,127,2243,1207,452,4684.181981004756,4.404611111111111,0.3960943286675528,0.0899271964483678,3000,1.5
128,128,128,2272,1157,384,4662.144081124856,1.1833611111111113,0.084855753014961,0.0717074037825074,3000,1.8
129,129,129,2289,1220,350,5663.451232583065,1.63275,0.1282222118589109,0.0785314419592166,3000,1.5
130,130,130,2297,126,610,4154.529015288509,0.6758888888888889,0.0370396094070091,0.0548013290585373,3000,1.5
131,131,131,2326,736,411,5223.318657962654,3.2935,0.2571459067430334,0.0780767896593391,3000,1.5
132,132,132,2346,1099,448,3955.627705627706,0.924,0.0529258086184082,0.0572790136562859,3000,1.5
133,133,133,2349,1197,452,10896.91272299968,0.5200555555555555,0.0737491395935572,0.1418101177955379,3000,1.5
134,134,134,2354,982,344,3800.982250455698,4.586972222222222,0.513985072587186,0.1120532341785533,3500,2.3
135,135,135,2356,2552,347,3422.813819672536,3.3744166666666664,0.5851304067499619,0.1734019430765698,4000,3.3
136,136,136,2360,1609,438,6480.405920783543,2.5128055555555555,0.3616316409124309,0.1439154892478251,5000,3.5
137,137,137,2395,2050,347,3324.555018857937,3.77825,0.4643494894128476,0.1229006787303242,4000,3.3
138,138,138,2410,740,397,5298.3903510738455,1.2390555555555558,0.0943877149712621,0.0761771452039061,3000,1.8
139,139,139,2416,871,447,3660.216464414562,6.013305555555556,0.5505194887879474,0.0915502270260214,3000,1.5
140,140,140,2422,966,452,6186.3314334416455,1.5644166666666666,0.1876795066658836,0.1199677238582327,3000,1.5
141,141,141,2447,1104,441,6006.579668823336,1.0132222222222222,0.0798474128107454,0.0788054299042339,3000,1.8
142,142,142,2471,449,566,5467.1455875568445,5.057666666666667,0.5450267353077239,0.107762486385235,3000,1.5
143,143,143,2473,2246,458,7252.872471750071,0.8775833333333334,0.084070053664177,0.0957972314091847,3500,2.4
144,144,144,2506,954,350,4396.529980509802,4.361166666666667,0.4811065533798446,0.1103160209530732,3000,1.5
145,145,145,2538,3160,125,4170.199878861296,2.9351111111111114,0.2977055413512866,0.1014290533071463,3500,2.4
146,146,146,2547,803,447,8066.967644845748,2.6580000000000004,0.3225961359931064,0.1213679969876246,3000,1.5
147,147,147,2566,835,372,5636.933751417707,2.0818055555555555,0.1545837468184085,0.0742546518842178,3000,1.5
148,148,148,2571,2488,347,2911.340140699688,3.4983888888888885,0.434716697105529,0.1242619705562802,4000,3.3
149,149,149,2575,1076,447,5333.250685716942,1.792527777777778,0.1549727444265885,0.0864548635439895,3000,1.5
150,150,150,2579,2554,347,4376.499165022014,1.6467500000000002,0.2678193907280434,0.1626351241706654,4000,3.3
151,151,151,2595,834,456,6925.554259043173,1.4283333333333337,0.1619792758073285,0.1134043937974295,3500,1.8
152,152,152,2604,1222,353,1655.40126809805,1.406305555555556,0.1279053298551364,0.0909513080922217,3000,1.8
153,153,153,2627,1362,381,3824.7279322853688,1.8377777777777773,0.1545488704161334,0.0840955159459009,3500,2.4
154,154,154,2641,1692,381,4849.21260564284,3.030388888888889,0.3327972582822189,0.1098199836669283,3500,2.4
155,155,155,2661,1173,350,5394.624110051888,3.6831111111111112,0.3116908173971864,0.0846270470789995,3000,1.5
156,156,156,2707,725,549,4112.6320078406325,5.044944444444445,0.5928426910856964,0.1175122338043865,3000,1.5
157,157,157,2721,1327,405,4682.694218160144,0.8388333333333333,0.0908623748291106,0.1083199382027943,3000,1.5
158,158,158,2724,462,610,3667.872611464969,1.0902777777777777,0.1073968943414806,0.0985041578673452,3000,1.5
159,159,159,2736,326,458,5626.223241060731,4.010861111111111,0.4180775011852801,0.1042363446660116,3500,2.4
160,160,160,2777,1133,350,5639.446955121034,3.7248333333333337,0.3323223023416883,0.0892180327553863,3000,1.5
161,161,161,2810,592,477,10523.369421705836,0.2103888888888888,0.0467153072706394,0.2220426540458172,3000,1.5
162,162,162,2819,684,372,3556.3749727636887,1.6573055555555556,0.1149906031784361,0.069384069095146,3000,1.5
163,163,163,2826,1211,437,3166.8910482222705,3.982138888888889,0.40868750909687,0.1026301493996618,3000,1.5
164,164,164,2836,411,458,6433.133616427201,0.9550555555555555,0.1379023686005819,0.1443919862026917,3500,2.4
165,165,165,2872,566,386,4809.464560619161,1.3171944444444448,0.0906176023435139,0.0687959190275312,3000,1.5
166,166,166,2886,248,458,3782.7194024783566,2.4545833333333333,0.3361120515360887,0.136932426359975,3500,2.4
167,167,167,2896,1046,298,3322.9547459977307,4.407222222222223,0.4056151348309913,0.0920341916923968,3000,1.5
168,168,168,2897,1189,350,5771.847958368488,3.720472222222222,0.3486966839130627,0.0937237702865545,3000,1.5
169,169,169,2937,404,477,6818.714431198706,2.3184722222222223,0.2282513807369326,0.0984490469841199,3000,1.5
170,170,170,2950,1081,405,5249.612517528968,4.516333333333334,0.392530692338325,0.0869135786415953,3000,1.5
171,171,171,2967,315,220,3443.987699591043,2.6286388888888887,0.2134918256660711,0.0812176318962978,3000,1.8
172,172,172,2968,2925,347,4482.32602972277,3.8616111111111113,0.5240116340609391,0.1356976709936397,4000,3.3
173,173,173,2994,218,458,3217.3123939060715,2.601861111111111,0.2681404816273974,0.1030571849059573,3500,2.4
174,174,174,3019,2017,381,9043.080617834292,1.6886944444444445,0.2066514376263103,0.1223734929111439,3500,2.4
175,175,175,3046,1076,452,3632.615971497463,6.174888888888889,0.5421664181993061,0.0878018095475178,3000,1.5
176,176,176,3090,780,405,3955.7408951904367,4.496250000000001,0.3694686543109117,0.0821726225879147,3000,1.5
177,177,177,3096,582,564,5622.574828379423,6.146472222222222,0.6130245084176935,0.0997359926562977,3000,1.5
178,178,178,3097,660,477,8031.228230320211,1.1563611111111114,0.1561382508473409,0.135025511794765,3000,1.5
179,179,179,3146,827,456,2841.945800370308,1.1551944444444444,0.0647304571353339,0.0560342524556236,3500,1.8
180,180,180,3149,702,458,5439.276246269072,4.4950833333333335,0.5137659711653788,0.1142950937873703,3500,2.4
181,181,181,3162,2265,565,5412.615508236239,1.2445,0.1397817635425194,0.1123196171494732,2500,1.3
182,182,182,3203,848,447,3435.4631263046185,3.952305555555555,0.3447358766503945,0.0872239941483817,3000,1.5
183,183,183,3226,1150,405,7821.346515351946,2.3938333333333333,0.2402410203247136,0.1003582901864709,3000,1.5
184,184,184,3231,812,350,5709.012611504152,4.063750000000001,0.3806863952577125,0.0936785961876868,3000,1.5
185,185,185,3234,1134,350,5640.406144233272,1.6004166666666668,0.1412392189695114,0.0882515296867554,3000,1.5
186,186,186,3261,773,124,2731.084048712318,1.1131111111111112,0.0968862682864194,0.0870409677158888,3000,1.8
187,187,187,3278,1057,298,3540.498328686742,5.709083333333333,0.5468525522827492,0.0957864021864717,3000,1.5
188,188,188,3287,1306,565,6052.2888335567895,0.5801111111111111,0.0483661281585735,0.0833739041231874,2500,1.3
189,189,189,3329,1312,411,3372.3334821888634,4.851833333333333,0.3659191839611281,0.0754187456207883,3000,1.5
190,190,190,3331,769,382,5297.999160486917,0.9926388888888888,0.1148636758800431,0.1157154703143012,3000,1.5
191,191,191,3338,2073,452,3268.4744596686346,1.4535833333333334,0.1132268060658441,0.0778949534363429,3000,1.5
192,192,192,3339,271,564,2095.7612649395,3.36775,0.2254712315782467,0.0669501095919372,3000,1.5
193,193,193,3343,1616,452,6634.962514881431,0.8633055555555555,0.0728082820745939,0.0843366309947354,3000,1.5
194,194,194,3345,440,610,3373.105060713478,1.1049166666666663,0.0979121961847142,0.0886150052203462,3000,1.5
195,195,195,3352,464,458,2200.628853405543,2.4824722222222224,0.3327444203936769,0.1340375201039775,3500,2.4
196,196,196,3396,756,474,6372.801875732707,1.5638333333333334,0.0978806122362855,0.0625901815429727,3000,1.5
197,197,197,3442,820,350,6457.433406693482,3.6602777777777775,0.2935670603966928,0.0802034922537826,3000,1.5
198,198,198,3450,796,477,4876.489630030533,2.7201944444444446,0.2340362792845901,0.0860365992447971,3000,1.5
199,199,199,3464,834,452,4112.167324401616,6.595305555555556,0.6675377059230707,0.1012140681428732,3000,1.5
200,200,200,3511,1167,452,6009.679761232557,0.6887222222222222,0.0608825304341097,0.0883992536754033,3000,1.5
201,201,201,3518,847,456,9196.986006458555,0.4645,0.0572172916289078,0.1231803910202538,3500,1.8
202,202,202,3547,2195,347,2560.565635005336,3.748,0.4423993740928864,0.1180361190215812,4000,3.3
203,203,203,3614,669,451,5450.041288191577,0.7064166666666667,0.0764232566871112,0.1081843907331998,3000,1.5
204,204,204,3621,1048,468,5700.80142475512,2.0588333333333333,0.3090670110377367,0.1501175476585785,3500,1.8
205,205,205,3644,1063,344,19993.42753861321,0.0845277777777777,0.0188098842337099,0.2225290280688655,3500,2.3
206,206,206,3673,926,565,5409.236341684274,0.920277777777778,0.086326713652939,0.0938050616210626,2500,1.3
207,207,207,3775,1045,441,5480.446927374303,1.1535555555555554,0.1228991633674475,0.1065394404071496,3000,1.8
208,208,208,3790,2001,452,5964.208557701609,2.584416666666667,0.2523078896266468,0.0976266299783884,3000,1.5
209,209,209,3810,668,382,4270.690356058251,2.3232777777777778,0.1810322164828437,0.0779210382049113,3000,1.5
210,210,210,3861,814,350,4812.2818735125065,2.952861111111111,0.2316412262715334,0.0784463669489591,3000,1.5
211,211,211,3877,855,452,4942.610397345358,2.611777777777778,0.2309680069550655,0.0884332537477916,3000,1.5
212,212,212,3887,907,350,5691.340190133474,3.2111944444444447,0.246347032031853,0.0767150779231223,3000,1.5
213,213,213,3892,676,451,6985.126588399125,1.4361944444444448,0.1669302255607673,0.1162309366997586,3000,1.5
214,214,214,3992,1013,350,4893.2582812378405,3.2125833333333333,0.3089287644418204,0.0961621014578569,3000,1.5
215,215,215,4071,194,458,3187.3988127361035,2.470666666666667,0.2896756828367979,0.1172459590542894,3500,2.4
216,216,216,4076,569,564,3558.9225314805003,6.8163888888888895,0.5434623477771781,0.0797287767226798,3000,1.5
217,217,217,4086,1574,447,7145.0926017629,0.2804722222222222,0.0439973831952552,0.1568689506813102,3000,1.5
218,218,218,4158,2101,369,3545.2037418741083,1.7519444444444443,0.07744863051913,0.0442072411398237,3000,1.8
219,219,219,4188,1338,350,4554.584479911941,1.2618055555555558,0.0955223363127219,0.0757028972428836,3000,1.5
220,220,220,4192,627,458,5730.561330561331,5.611666666666666,0.5826893520787605,0.1038353463757815,3500,2.4
221,221,221,4249,671,458,6944.908567043594,1.9185277777777776,0.2586017194829649,0.134791751507764,3500,2.4
222,222,222,4270,1484,241,4014.5970651340535,4.673694444444444,0.4836985068061744,0.1034938232603417,3000,1.8
223,223,223,4289,1906,458,1683.3736468535626,2.8021111111111114,0.2169818387720994,0.0774351302172526,3500,2.4
224,224,224,4304,1262,452,6440.675702744208,0.8320555555555555,0.0978767499862912,0.1176324697705309,3000,1.5
225,225,225,4312,489,372,3404.008734409449,5.253805555555556,0.4798779312585465,0.0913391114658035,3000,1.5
226,226,226,4313,184,376,4397.30091448819,7.949194444444445,0.9925498237287071,0.124861686384132,4000,3.3
227,227,227,4321,473,526,3415.2818498161027,4.765638888888889,0.3848288223832553,0.0807507306691838,3000,1.5
228,228,228,4342,837,350,7426.248002256275,1.181888888888889,0.0817417468987252,0.069161955634909,3000,1.5
229,229,229,4377,1469,565,8871.220978787373,0.4989166666666667,0.0719476913892051,0.1442078330834244,2500,1.3
230,230,230,4398,1814,381,5638.979004713227,2.722833333333333,0.3746375508307965,0.1375910696569002,3500,2.4
231,231,231,4563,623,452,3875.8606191201975,1.0570555555555556,0.0954315834954478,0.0902805751257718,3000,1.5
232,232,232,4583,1453,125,7307.549203778923,6.106972222222223,0.7721984116947651,0.1264453781015849,3500,2.4
233,233,233,4589,2074,549,3851.4298735330976,0.4876111111111111,0.034167197522674,0.0700705885163646,3000,1.5
234,234,234,4597,935,458,2714.1835128671587,2.717944444444444,0.3139983250881892,0.1155278672932446,3500,2.4
235,235,235,4619,681,407,2351.1677459786924,3.324305555555556,0.3453356834082134,0.1038820522473004,3500,2.3
236,236,236,4639,793,452,3992.626328345261,4.611,0.36424212852483,0.0789941723107417,3000,1.5
237,237,237,4641,2211,347,4069.446842092283,3.379083333333333,0.6249275350357357,0.1849399595656817,4000,3.3
238,238,238,4671,376,610,5388.6611338866105,0.5556111111111112,0.0667249615278853,0.1200929214580478,3000,1.5
239,239,239,4674,982,350,6384.4005306892,1.591222222222222,0.1808572235364166,0.113659312326496,3000,1.5
240,240,240,4720,762,405,4036.318492733867,2.282277777777778,0.1667696867135017,0.0730715990565719,3000,1.5
241,241,241,4741,2514,347,4507.225691347011,1.8683333333333327,0.2458373626541284,0.131581104007562,4000,3.3
242,242,242,4754,813,350,5319.921975981763,1.1819722222222222,0.0929359361346626,0.0786278513042667,3000,1.5
243,243,243,4769,1484,411,4780.46204014146,4.838444444444445,0.3955385423901928,0.0817491131564721,3000,1.5
244,244,244,4772,1140,350,5795.40148567386,3.926388888888889,0.3479896054051317,0.0886284102906596,3000,1.5
245,245,245,4777,2337,347,2645.1366329065545,2.035055555555556,0.1850420323897364,0.0909272633292909,4000,3.3
246,246,246,4802,1832,386,7198.46318036286,0.6506944444444445,0.0832427726560561,0.1279291276677917,3000,1.5
247,247,247,4841,485,564,4901.815162787379,8.565194444444444,0.9571188624046684,0.1117451411772064,3000,1.5
248,248,248,4853,1123,355,4335.389630485465,1.3463611111111111,0.131866934378326,0.0979432139639715,3000,1.8
249,249,249,4933,810,350,5751.807145574655,3.2125555555555554,0.2793495312206209,0.0869555487491989,3000,1.5
250,250,250,4936,1624,231,3617.2867904997415,1.932111111111111,0.1815720494777141,0.0939759874230506,3000,1.8
251,251,251,4979,880,475,3701.5390003307584,4.283083333333334,0.3111887410483046,0.0726553085312305,3000,1.5
252,252,252,4990,817,452,4903.242885506287,0.8394444444444444,0.1148317663519,0.1367949566071609,3000,1.5
253,253,253,5020,585,549,5487.29792147806,2.70625,0.2549438846303645,0.0942055924731139,3000,1.5
254,254,254,5042,2685,347,2866.781675292313,2.6085000000000003,0.2371378992944079,0.0909096796221613,4000,3.3
255,255,255,5053,391,564,5027.537557152187,8.505555555555556,0.9210208717094718,0.1082846224086903,3000,1.5
256,256,256,5071,383,564,5803.48917624646,8.515222222222222,0.9625647003438972,0.1130404674386402,3000,1.5
257,257,257,5079,507,564,3184.220587490154,6.030361111111112,0.6853401499146896,0.1136482769915604,3000,1.5
258,258,258,5084,405,372,3887.834119077586,2.604277777777778,0.2075898411867086,0.0797110980088477,3000,1.5
259,259,259,5108,1034,452,4375.429975429976,6.105,0.4997527924823358,0.0818595892681958,3000,1.5
260,260,260,5139,2932,347,5902.751913925098,1.20825,0.1752177645368943,0.1450178063620064,4000,3.3
261,261,261,5150,842,451,5258.655538892874,1.2780833333333332,0.1108931825126821,0.0867652207180143,3000,1.5
262,262,262,5153,700,407,4580.774902801983,1.86475,0.2946613443346568,0.1580165407344989,3500,2.3
263,263,263,5179,971,201,5244.664783536057,4.818611111111112,0.3210573483333253,0.0666286074825601,2500,1.5
264,264,264,5204,1719,350,7585.07118122355,1.0829166666666663,0.0924206309749428,0.0853441763523905,3000,1.5
265,265,265,5234,973,382,3257.1350681214826,4.279527777777778,0.3761476047756393,0.0878946520054978,3000,1.5
266,266,266,5238,1312,405,5876.662134445648,2.410722222222222,0.2328928029765217,0.0966070668904521,3000,1.5
267,267,267,5241,491,564,4496.287984752302,5.421583333333333,0.5057262861410583,0.0932801831213621,3000,1.5
268,268,268,5244,37,605,5042.484925915863,4.804972222222222,0.4889038651842103,0.1017495716048281,4000,2.3
269,269,269,5285,2321,347,8696.376509787588,0.8003333333333332,0.127504969525173,0.1593148307269967,4000,3.3
270,270,270,5292,470,458,5058.138482425705,0.9206944444444444,0.1272158690319328,0.1381738206411097,3500,2.4
271,271,271,5337,460,549,4369.7670013260085,3.95925,0.3463332170202354,0.0874744502166409,3000,1.5
272,272,272,5357,2043,430,3645.552094150225,1.4445,0.182814219358177,0.1265588226778657,3500,1.8
273,273,273,5385,931,350,5057.029788017301,3.62188888888889,0.2615318840055144,0.0722086988388388,3000,1.5
274,274,274,5402,1004,350,5958.730863101841,2.003111111111111,0.1899759846894491,0.094840462736024,3000,1.5
275,275,275,5406,929,452,3703.2740487089,0.7949722222222222,0.0976927641518976,0.1228882738554218,3000,1.5
276,276,276,5408,505,458,4219.792438843588,11.991111111111111,1.5326024536517904,0.127811546357173,3500,2.4
277,277,277,5427,1289,565,5938.766950929679,1.5895555555555556,0.1273970377790342,0.0801463260178462,2500,1.3
278,278,278,5430,348,458,8204.846478025285,0.7382222222222222,0.0846337760206467,0.1146453919605388,3500,2.4
279,279,279,5472,1211,292,3782.40814378877,1.5717500000000002,0.112595719971146,0.0716371687425773,3000,1.8
280,280,280,5482,492,458,5150.03011379846,3.505222222222222,0.3561415748330258,0.1016031373346826,3500,2.4
281,281,281,5489,1366,5,1797.743547473082,1.6175833333333334,0.1578861907015517,0.0976062175271042,3500,2.0
282,282,282,5536,1024,605,2947.935867561646,1.5973888888888887,0.1429158848022378,0.0894684355176948,4000,2.3
283,283,283,5567,760,532,3592.651330768628,3.538055555555556,0.3342311922490756,0.0944674799479212,3500,2.5
284,284,284,5608,727,549,4008.738247477251,3.3060277777777776,0.3021206616093977,0.0913847922392458,3000,1.5
285,285,285,5630,823,411,3816.61837651803,5.359194444444444,0.4075952389516509,0.076055318234288,3000,1.5
286,286,286,5635,2763,347,3617.199163929531,1.6745,0.2038348640079953,0.1217287930773337,4000,3.3
287,287,287,5648,1759,452,7029.816905185654,2.2787222222222225,0.2024807292434673,0.0888571354897338,3000,1.5
288,288,288,5651,773,405,4591.447669627323,4.550416666666667,0.3712222735998556,0.0815798421975692,3000,1.5
289,289,289,5725,827,452,4051.689286745596,6.156444444444444,0.5824034121163338,0.0946006119882869,3000,1.5
290,290,290,5728,297,605,7536.649378241578,1.7781111111111114,0.237964910271052,0.1338301688708034,4000,2.3
291,291,291,5760,461,458,3294.2843542084115,2.5091944444444443,0.3547754513311184,0.1413901788745863,3500,2.4
292,292,292,5763,3212,125,5377.584502866179,2.810555555555556,0.2739985046341976,0.0974890904015725,3500,2.4
293,293,293,5775,1312,444,5751.379364263855,1.2435277777777778,0.1409891694562886,0.1133783836403241,3000,1.8
294,294,294,5790,1983,393,3727.305090779637,0.9363333333333332,0.09408982306276,0.1004875290809114,3500,2.5
295,295,295,5820,1199,605,3160.9934203019816,2.1910833333333333,0.1764515946988447,0.0805316676068206,4000,2.3
296,296,296,5844,705,448,6112.672059032212,1.76175,0.2000411786142409,0.1135468588700104,3000,1.5
297,297,297,5850,1139,350,5416.23586228643,3.347527777777778,0.3063168543103112,0.0915053958159105,3000,1.5
298,298,298,5885,2293,347,3836.1395871934496,3.4331388888888887,0.3048918560349607,0.0888084828206984,4000,3.3
299,299,299,5896,991,350,4733.508113087222,1.1760833333333338,0.0894602943957798,0.0760662887231174,3000,1.5
300,300,300,5914,894,382,4833.57529365184,0.6314166666666668,0.1126540226244185,0.1784147118243397,3000,1.5
301,301,301,5917,963,475,3651.3331380017576,1.7065,0.144027272386663,0.0843992220255862,3000,1.5
302,302,302,5948,1005,474,3794.172521018081,3.617916666666667,0.2906602815247026,0.0803391311366217,3000,1.5
303,303,303,5951,747,372,2987.965388058217,1.675722222222222,0.1028554133708719,0.0613797513733944,3000,1.5
304,304,304,5960,1305,437,5785.300595480871,6.1295,0.5907530294639951,0.0963786653828199,3000,1.5
305,305,305,6012,702,448,6814.698041033963,3.594583333333333,0.3779116723941136,0.1051336517614318,3000,1.5
306,306,306,6027,832,448,2574.178659211588,1.4804722222222222,0.1087628404954359,0.0734649653420585,3000,1.5
307,307,307,6035,1204,437,7256.691278264883,2.889333333333333,0.3750143462341101,0.1297926902056218,3000,1.5
308,308,308,6055,1045,468,7213.57896463128,1.0162777777777778,0.1356352142082176,0.1334627374267707,3500,1.8
309,309,309,6064,1988,381,4771.185631030858,2.616750000000001,0.2762193893290291,0.1055581883363061,3500,2.4
310,310,310,6086,692,392,6155.527420537082,0.4168611111111111,0.0783684916586442,0.1879966482115808,4500,3.5
311,311,311,6103,1381,549,5429.7806848788,0.5775555555555556,0.0551162602252077,0.0954302312479549,3000,1.5
312,312,312,6164,606,549,3708.903980143381,2.2046944444444447,0.2390245553121595,0.1084161825301785,3000,1.5
313,313,313,6175,484,458,6287.294090542564,2.17025,0.2265668723091929,0.10439666965059,3500,2.4
314,314,314,6180,2162,347,5643.003392683129,17.758805555555554,2.870597449744703,0.1616436105888148,4000,3.3
315,315,315,6187,541,242,4961.034122013786,3.876611111111112,0.3650021305922398,0.0941549513558565,3500,1.8
316,316,316,6190,2627,438,2613.881535773011,3.7671944444444447,0.3872481274779512,0.102794833977586,5000,3.5
317,317,317,6204,1058,452,4101.928470034276,3.2092222222222224,0.3215696889326292,0.1002017519092083,3000,1.5
318,318,318,6207,348,610,5614.076498041951,1.035611111111111,0.1295727064891325,0.125117145904425,3000,1.5
319,319,319,6211,776,477,4068.426230620484,3.2752222222222223,0.2495335649329292,0.0761882852527856,3000,1.5
320,320,320,6229,1501,231,5999.473730374528,0.9500833333333334,0.11295939105982,0.1188941928530691,3000,1.8
321,321,321,6263,1396,125,6412.994705196087,0.9285833333333332,0.1379736846809559,0.1485851401033358,3500,2.4
322,322,322,6266,654,452,4311.791027525056,6.729222222222223,0.5576620617390373,0.0828716965086164,3000,1.5
323,323,323,6287,712,477,4392.222543660642,1.824361111111111,0.1471507873067599,0.0806588051074707,3000,1.5
324,324,324,6292,1896,452,5925.5616710277,1.2314444444444446,0.1372317871806804,0.1114396900321324,3000,1.5
325,325,325,6349,285,549,6219.554615830576,0.8145277777777779,0.1145764240468413,0.1406660732423792,3000,1.5
326,326,326,6350,814,477,3630.331753554504,0.633,0.0613322614421277,0.0968914082814024,3000,1.5
327,327,327,6355,2493,347,3610.534412891254,3.502805555555556,0.4520610167102147,0.129056840164374,4000,3.3
328,328,328,6370,388,564,4403.0430116169655,5.8750277777777775,0.5773864999906309,0.0982780885180813,3000,1.5
329,329,329,6383,583,372,3717.788026461608,5.739972222222222,0.4979105984923162,0.0867444264912402,3000,1.5
330,330,330,6392,1115,350,5996.657828479758,3.740083333333333,0.3109509967719809,0.0831401252481845,3000,1.5
331,331,331,6403,1309,115,2207.0171057560246,1.1123611111111111,0.1282020389486235,0.1152521763553613,3500,2.5
332,332,332,6406,659,452,5348.67617107943,0.8183333333333332,0.0864496112429028,0.1056410728019179,3000,1.5
333,333,333,6424,1391,565,4742.647916747692,4.999527777777778,0.4170364472163329,0.0834151675424233,2500,1.3
334,334,334,6429,912,405,5990.938305531268,2.446194444444444,0.2351159729857541,0.0961149975300313,3000,1.5
335,335,335,6444,3217,125,2839.6002330479987,1.2396111111111112,0.1358382698231852,0.1095813587064641,3500,2.4
336,336,336,6455,802,378,6229.979826331023,1.5834722222222224,0.1243706374381505,0.0785429865410651,2500,1.5
337,337,337,6477,1007,458,7521.283253087445,2.175027777777778,0.2677869587186919,0.1231188683908623,3500,2.4
338,338,338,6478,2320,347,4843.575265619138,3.035361111111111,0.4676664423997514,0.1540727528885548,4000,3.3
339,339,339,6483,799,378,4448.527806238138,1.6538055555555555,0.1284900233760067,0.0776935492472956,2500,1.5
340,340,340,6484,349,610,3152.9080675422138,1.066,0.1093167972359853,0.1025485902776598,3000,1.5
341,341,341,6485,1125,410,2915.7918791845145,5.7130277777777785,0.679259303669651,0.1188965518970162,3500,2.5
342,342,342,6489,171,605,2027.3416828364789,1.259777777777778,0.1619507901624992,0.1285550459924583,4000,2.3
343,343,343,6511,328,605,3195.85597826087,1.6355555555555554,0.1359300730361062,0.083109419655228,4000,2.3
344,344,344,6518,725,440,1157.5174582620357,4.805111111111112,0.6784556944970406,0.1411945902620673,3000,1.5
345,345,345,6528,910,350,5837.390351794091,3.321861111111112,0.3777441800768654,0.1137146218465815,3000,1.5
346,346,346,6556,468,372,4290.043808201469,3.4810833333333333,0.288255769656531,0.0828063398817028,3000,1.5
347,347,347,6571,896,437,4431.470535640928,5.747527777777778,0.527729040098701,0.0918184409893782,3000,1.5
348,348,348,6609,2291,437,3714.466203411245,1.0553333333333332,0.0794116664240216,0.0752479467062744,3000,1.5
349,349,349,6631,314,564,5211.976204606736,5.944194444444444,0.5305100217964178,0.0892484300025283,3000,1.5
350,350,350,6669,2256,347,4612.540192926045,1.866,0.2218810661450628,0.118907323764771,4000,3.3
351,351,351,6677,266,610,5032.100069626178,1.1569722222222223,0.1206646628035787,0.1042934830119045,3000,1.5
352,352,352,6708,1016,350,6316.604708798018,1.614,0.181670900886943,0.1125594181455657,3000,1.5
353,353,353,6731,625,402,2921.6184971098264,0.4805555555555555,0.0696020676373898,0.1448366725402332,3000,1.8
354,354,354,6733,1235,437,3443.688181056161,1.6569444444444446,0.1474842724377352,0.0890097872214328,3000,1.5
355,355,355,6734,2023,565,6588.835075197552,0.7628055555555556,0.0756720902900592,0.0992023324147748,2500,1.3
356,356,356,6738,2713,565,6232.638513878389,0.7715833333333333,0.0871526596446423,0.1129530095837248,2500,1.3
357,357,357,6819,1014,350,5782.033717425476,3.852277777777778,0.4182156240291622,0.1085632054992705,3000,1.5
358,358,358,6866,560,452,5438.870308435526,0.6727500000000001,0.066045068278931,0.0981717848813541,3000,1.5
359,359,359,6912,1415,381,7493.670886075948,0.25675,0.0660458107368446,0.2572378217598624,3500,2.4
360,360,360,6964,427,477,7014.506751862102,1.4954722222222223,0.1936618222826854,0.1294987759751968,3000,1.5
361,361,361,6994,1130,382,5169.516980766435,1.7200833333333334,0.1977336783728607,0.1149558713470437,3000,1.5
362,362,362,7018,1024,350,5161.380711371079,4.758416666666667,0.4062959651484553,0.0853846969717073,3000,1.5
363,363,363,7065,785,386,4590.581945301255,4.863,0.5031297580375763,0.1034607768944224,3000,1.5
364,364,364,7090,1343,348,4460.772749503726,1.9310555555555555,0.188981171256402,0.0978641814383393,3000,1.5
365,365,365,7095,1087,201,7083.4146650611565,4.383055555555556,0.4836184451514491,0.1103381964982075,2500,1.5
366,366,366,7108,1438,349,3761.942829980771,2.5712777777777776,0.2177344103475955,0.0846794586836791,3500,2.5
367,367,367,7167,1240,349,3231.6050112716653,1.5032777777777775,0.1422003049340983,0.0945934989768198,3500,2.5
368,368,368,7193,989,355,3275.862961907968,2.145388888888889,0.2065992838887457,0.0962992233989544,3000,1.8
369,369,369,7195,1188,405,3370.382617829563,1.4280277777777777,0.0828054397859587,0.0579858746969307,3000,1.5
370,370,370,7235,422,458,7968.850142999896,1.612277777777778,0.2759480296071201,0.1711541481316344,3500,2.4
371,371,371,7242,1237,405,7419.163273651832,1.5623055555555556,0.1446791099165526,0.0926061546680634,3000,1.5
372,372,372,7281,1111,458,8393.742953776773,1.182666666666667,0.1157502761705259,0.0978722741013466,3500,2.4
373,373,373,7283,1010,350,4839.804936504503,3.337944444444444,0.2302897737796467,0.0689914939006647,3000,1.5
374,374,374,7322,1964,456,2770.663465916145,1.342277777777778,0.0666166325458916,0.0496295428925147,3500,1.8
375,375,375,7343,400,458,3866.444299204435,2.465055555555556,0.3096008621129033,0.1255958963744846,3500,2.4
376,376,376,7401,1935,422,2067.7093215515138,1.0248055555555555,0.0598255316685692,0.0583774466719565,2500,1.5
377,377,377,7422,529,610,4834.65118606746,1.1101111111111113,0.085999355913841,0.0774691425507525,3000,1.5
378,378,378,7445,1385,422,6013.185571217781,1.7696111111111112,0.1715501686146983,0.0969422985296383,2500,1.5
379,379,379,7451,1469,125,6634.49014688055,0.9853055555555555,0.1057760650492957,0.1073535660617023,3500,2.4
380,380,380,7460,786,350,6113.288902957556,3.2468611111111114,0.2939815534995746,0.0905433104278892,3000,1.5
381,381,381,7480,550,382,4246.613571474572,1.2939722222222223,0.1134470607888511,0.0876734900800429,3000,1.5
382,382,382,7485,1016,437,1981.476075475704,2.093388888888889,0.1583843760801434,0.0756593182092455,3000,1.5
383,383,383,7506,1511,125,4387.89020403358,3.0673055555555555,0.3691702414032505,0.1203565261812939,3500,2.4
384,384,384,7510,869,456,6525.9740259740265,0.8213333333333332,0.0690448847998174,0.0840643889608167,3500,1.8
385,385,385,7527,1988,125,6962.177149573551,0.9216944444444444,0.120214748631947,0.1304279844112622,3500,2.4
386,386,386,7535,996,124,5437.632471913466,2.791472222222222,0.3120311085133903,0.1117801230581438,3000,1.8
387,387,387,7539,1428,405,6571.436200037381,3.121083333333333,0.2932480525318015,0.0939571364211576,3000,1.5
388,388,388,7545,1503,338,4342.117079441104,6.310055555555556,0.7622478555640002,0.1207989135520201,3000,1.8
389,389,389,7547,2305,347,2955.1320277651885,3.493583333333333,0.3832903752296857,0.1097126756853333,4000,3.3
390,390,390,7549,1272,405,3506.662693175529,1.3049444444444445,0.0783570495187478,0.0600462723546111,3000,1.5
391,391,391,7564,1081,201,4639.567562093323,4.388555555555556,0.4533760554131049,0.103308719617134,2500,1.5
392,392,392,7579,1397,349,5523.176803741147,3.855027777777778,0.5232770241832436,0.135738846604339,3500,2.5
393,393,393,7627,889,375,5575.562164716346,0.9993611111111113,0.1633895916768745,0.1634940462063953,4500,3.3
394,394,394,7630,1849,458,6404.765031422943,2.961388888888889,0.3915346860535386,0.1322131948028082,3500,2.4
395,395,395,7631,833,605,4870.687302639272,1.4250555555555555,0.1287134055000136,0.0903216755292286,4000,2.3
396,396,396,7634,781,452,5290.098070230939,2.458555555555556,0.2536663385370978,0.1031769804688335,3000,1.5
397,397,397,7640,1236,405,6536.941671045717,1.0572222222222225,0.0949178673754891,0.0897804315690385,3000,1.5
398,398,398,7672,988,441,5493.914375691548,0.9790833333333332,0.0905069094786383,0.0924404556765392,3000,1.8
399,399,399,7686,1542,231,5175.701621798276,2.039916666666667,0.1857638020428864,0.0910644072272003,3000,1.8
400,400,400,7698,774,350,5619.995624589805,3.047333333333333,0.2589013466568568,0.0849599693689094,3000,1.5
401,401,401,7706,1080,355,4949.897048730268,0.9713333333333332,0.0832238554286418,0.0856800158839827,3000,1.8
402,402,402,7741,1224,375,4289.406462176681,9.602027777777778,1.2952969698463614,0.1348982735546861,4500,3.3
403,403,403,7777,730,448,3452.5627533084034,2.481055555555556,0.1983313890058388,0.0799383103541301,3000,1.5
404,404,404,7818,1135,350,5654.226804123711,3.2333333333333334,0.2871436097219982,0.0888073019758757,3000,1.5
405,405,405,7828,984,474,3519.089316987741,1.903333333333333,0.1685178861606824,0.0885382939548243,3000,1.5
406,406,406,7838,443,564,4950.417747732737,4.667888888888889,0.4412772263792257,0.0945346465785872,3000,1.5
407,407,407,7862,998,411,5619.6205460434985,5.4025,0.5101371169318147,0.094426120672247,3000,1.5
408,408,408,7867,1470,231,5101.013583396539,2.014305555555556,0.209230978589666,0.1038725122971519,3000,1.8
409,409,409,7905,249,360,4027.981420336897,1.489083333333333,0.1651260805186002,0.1108910944218032,3000,1.8
410,410,410,7952,51,605,7413.135470407512,1.4375833333333334,0.1911380548588974,0.1329578956760054,4000,2.3
411,411,411,7954,660,564,5578.309409888358,6.27,0.5826156357648575,0.0929211540294828,3000,1.5
412,412,412,7960,379,368,5227.540643824082,3.85975,0.5266614941915952,0.1364496390158935,3500,2.4
413,413,413,7961,852,357,9381.799651789885,0.6541388888888889,0.0650940221529459,0.0995110109773685,3500,2.5
414,414,414,7971,1000,344,7236.239111948703,1.2086388888888888,0.1465016079050229,0.1212120586651841,3500,2.3
415,415,415,7981,439,564,4067.817446089228,5.965361111111111,0.5685428910724063,0.0953073720907583,3000,1.5
416,416,416,7994,1158,458,4041.055253263956,3.502055555555556,0.3819338467890023,0.1090599051700119,3500,2.4
417,417,417,8006,2473,458,7932.4822695035455,1.7625000000000002,0.2022236678555641,0.1147368328258519,3500,2.4
418,418,418,8018,1094,124,3832.58758048674,1.0181111111111112,0.0959653176174656,0.0942581969395602,3000,1.8
419,419,419,8035,1525,381,5671.430135325176,3.298638888888889,0.4226625418367036,0.1281324073575913,3500,2.4
420,420,420,8036,845,447,6054.117210536079,7.037194444444445,0.7156967085303263,0.101701994193913,3000,1.5
421,421,421,8055,809,447,8258.744928389498,2.170305555555556,0.3321631960829417,0.1530490465882415,3000,1.5
422,422,422,8089,424,220,1206.4773425545504,4.610944444444445,0.3288279740471405,0.0713146683958279,3000,1.8
423,423,423,8093,862,378,2122.2555678407834,1.58275,0.1265407018096413,0.0799498984739481,2500,1.5
424,424,424,8144,2513,347,4285.146723148738,6.754027777777779,0.9669082669943668,0.1431602443471887,4000,3.3
425,425,425,8161,1645,231,6267.860072552272,1.5238055555555556,0.1171015539407909,0.0768480948988911,3000,1.8
426,426,426,8162,554,605,4576.846351141022,2.5342777777777776,0.2698389950860457,0.1064756979097446,4000,2.3
427,427,427,8163,549,382,3800.589168366191,1.10325,0.0682262461959435,0.0618411476963004,3000,1.5
428,428,428,8203,771,452,7916.032791291494,1.033472222222222,0.101614956168845,0.0983238387872173,3000,1.5
429,429,429,8275,569,451,7335.06120249429,1.0824722222222225,0.1070961551959713,0.098936631349405,3000,1.5
430,430,430,8297,716,451,3605.685570710697,0.9673611111111112,0.1116677509331511,0.115435435279065,3000,1.5
431,431,431,8317,2515,347,3144.553684415458,2.56825,0.3995866321011287,0.1555871243458108,4000,3.3
432,432,432,8339,755,407,6973.821989528796,0.4456666666666666,0.0575443872655227,0.1291197919196472,3500,2.3
433,433,433,8367,877,458,4147.072266517699,1.6409166666666666,0.1849002601030861,0.1126810787282024,3500,2.4
434,434,434,8368,1069,468,4109.323330536498,2.2512222222222222,0.2685712779458877,0.1193002073694777,3500,1.8
435,435,435,8373,1390,381,5654.651317836348,1.2499444444444443,0.1965274020535422,0.1572289095943713,3500,2.4
436,436,436,8383,941,124,2996.045536249251,1.8544444444444443,0.1792957880498981,0.0966843674325394,3000,1.8
437,437,437,8384,1136,350,5479.868795732257,0.7706388888888889,0.0698034775901792,0.0905787115036749,3000,1.5
438,438,438,8393,974,405,4844.117481043858,8.858166666666667,0.7055124723352857,0.0796454276470246,3000,1.5
439,439,439,8400,1110,418,6280.430361705455,1.5981388888888892,0.1227802734853526,0.0768270357094657,3000,1.8
440,440,440,8405,587,549,3821.102109616913,3.7408055555555553,0.3854789009970805,0.1030470296496959,3000,1.5
441,441,441,8423,1045,383,4057.8501278084223,2.4776666666666665,0.2216758075966994,0.0894695846616572,3000,1.8
442,442,442,8428,3067,347,4868.362195667454,6.955111111111112,1.199028320765663,0.1723952790416474,4000,3.3
443,443,443,8445,430,564,3465.332055872119,6.610333333333334,0.6383262639031695,0.0965649131011803,3000,1.5
444,444,444,8449,1276,125,6677.617186099056,0.7745277777777778,0.1163898090915315,0.150271962389095,3500,2.4
445,445,445,8455,662,407,6854.891661195011,2.369111111111111,0.3755541841253956,0.1585211357812851,3500,2.3
446,446,446,8462,1191,441,4855.217558721602,0.5771111111111111,0.0600266607748037,0.1040123117006611,3000,1.8
447,447,447,8472,1355,351,9290.48039682,0.4088055555555556,0.0569021442499401,0.1391912205611092,3000,1.8
448,448,448,8548,1060,298,4067.035585576715,4.231583333333333,0.4394465433159287,0.1038491998619733,3000,1.5
449,449,449,8554,682,382,4164.060862639896,1.325388888888889,0.0988396268681421,0.0745740572421745,3000,1.5
450,450,450,8579,3124,347,4482.680913556489,4.388222222222223,0.7338393950437461,0.1672293147160002,4000,3.3
451,451,451,8587,1476,231,4902.144722349418,2.244527777777778,0.1754481633237365,0.0781670715153461,3000,1.8
452,452,452,8590,532,458,4481.720361186113,3.466972222222222,0.4057069618442695,0.117020540067732,3500,2.4
453,453,453,8637,482,549,6113.687183711899,1.180138888888889,0.1294194954918156,0.1096646307568639,3000,1.5
454,454,454,8656,734,399,4574.720987206242,0.6122777777777778,0.0607489364115761,0.0992179344350214,3000,1.8
455,455,455,8683,529,477,5672.333900618398,1.6485277777777776,0.2023434250931969,0.1227418960243161,3000,1.5
456,456,456,8686,1008,350,7003.974138442375,3.278138888888889,0.3498268038102672,0.106715064757015,3000,1.5
457,457,457,8703,926,350,5520.4962899890525,1.3701666666666663,0.1394408268212409,0.1017692447302573,3000,1.5
458,458,458,8715,3324,347,3800.2844474190574,1.660138888888889,0.2168457667518831,0.1306190513355273,4000,3.3
459,459,459,8718,838,350,5896.953752053311,4.159944444444445,0.3896214703555355,0.0936602581017326,3000,1.5
460,460,460,8729,1049,549,5008.581682009674,2.6704166666666667,0.2989078190430041,0.11193302632286,3000,1.5
461,461,461,8780,650,403,6546.041594124908,2.6325833333333337,0.2042974785191587,0.0776034231974266,3000,1.5
462,462,462,8792,1261,349,6392.963905427773,2.2487222222222223,0.3196282560465893,0.1421377228756727,3500,2.5
463,463,463,8795,1510,125,3861.3089244851258,1.5173611111111112,0.1612907284693191,0.1062968645289792,3500,2.4
464,464,464,8809,438,564,4801.137132800866,6.155833333333334,0.5769595070816333,0.0937256543248896,3000,1.5
465,465,465,8811,656,348,3750.899588759424,5.187555555555556,0.4722553976088999,0.0910362101285148,3000,1.5
466,466,466,8824,257,564,4800.778715120052,6.164000000000001,0.5248743723419632,0.085151585389676,3000,1.5
467,467,467,8829,491,382,6179.208848465459,1.2155277777777778,0.077099468019767,0.0634287997603147,3000,1.5
468,468,468,8835,493,564,4075.643390097082,2.967138888888888,0.2345816209970269,0.0790598720792848,3000,1.5
469,469,469,8839,1833,393,4131.654004391832,1.1005277777777778,0.1194123005890755,0.1085045766224973,3500,2.5
470,470,470,8844,1915,338,6376.084368089812,0.6532222222222223,0.0578290934838995,0.0885289745458575,3000,1.8
471,471,471,8864,1060,410,3394.297119559192,3.256638888888889,0.291285358308944,0.0894435546117075,3500,2.5
472,472,472,8887,984,350,6190.072024147514,3.7178888888888895,0.4097536777854556,0.110211383403637,3000,1.5
473,473,473,8894,1010,441,5976.977126625803,1.67225,0.2348002579193173,0.1404097819819508,3000,1.8
474,474,474,8923,478,372,3920.217758588324,1.7756666666666665,0.1227764298359203,0.0691438501047045,3000,1.5
475,475,475,8967,729,451,7425.509308449208,0.6013055555555556,0.0742092362333671,0.1234135217074522,3000,1.5
476,476,476,8981,1354,437,5740.028428572076,6.1166944444444455,0.5911303275350941,0.0966421214765754,3000,1.5
477,477,477,8988,1373,565,9862.856099342584,0.6084444444444445,0.0758619702141837,0.1246818356332456,2500,1.3
478,478,478,8999,502,458,4463.312966984431,12.075111111111111,1.4168972168147276,0.1173403046793454,3500,2.4
479,479,479,9029,1472,231,4259.571008852503,4.339638888888889,0.3185043618413954,0.0733942085957628,3000,1.8
480,480,480,9041,1337,405,6027.446468161536,0.9898055555555556,0.0825954215834388,0.0834461082985939,3000,1.5
481,481,481,9073,482,428,4648.80966233041,1.1936388888888887,0.1223484178338927,0.1025003616862567,3000,1.8
482,482,482,9103,1205,437,5834.789710999475,2.4826944444444443,0.2170062789975883,0.0874075661961486,3000,1.5
483,483,483,9112,1887,381,4835.569116765651,2.549027777777778,0.220539669851968,0.0865191316370168,3500,2.4
484,484,484,9162,1411,444,6454.761390628374,1.5436666666666667,0.1828070033121429,0.1184238846764043,3000,1.8
485,485,485,9164,506,458,3621.103448275862,12.083333333333334,1.4576704450632296,0.1206347954535086,3500,2.4
486,486,486,9189,1910,452,4606.475460332671,1.2174166666666668,0.1104263870411174,0.090705499657294,3000,1.5
487,487,487,9193,1503,231,2151.650009428625,2.946111111111112,0.1960513215450806,0.0665458002604459,3000,1.8
488,488,488,9209,1106,355,5662.820299302895,2.3350555555555554,0.1997918142002525,0.0855619103900584,3000,1.8
489,489,489,9243,753,372,3776.956785743026,3.796972222222222,0.2524004546734558,0.0664741377870116,3000,1.5
490,490,490,9270,243,458,3994.205848960577,1.4190555555555555,0.1216809266168007,0.0857478244177431,3500,2.4
491,491,491,9280,929,458,6409.635225215003,5.629805555555555,0.6368552406710722,0.1131220668967183,3500,2.4
492,492,492,9332,897,452,7304.3974871502,0.8755,0.0956883367275672,0.1092956444632407,3000,1.5
493,493,493,9335,633,382,5997.684547108439,0.5038611111111112,0.0763743280408371,0.1515781360312109,3000,1.5
494,494,494,9357,592,372,3522.1646326317705,5.032416666666667,0.4451014189042757,0.0884468533483135,3000,1.5
495,495,495,9363,2151,347,6272.0,6.125,1.1553420632808171,0.1886272756376844,4000,3.3
496,496,496,9397,1243,565,7868.15290979963,0.4061944444444445,0.043274070789309,0.1065353585731469,2500,1.3
497,497,497,9401,412,564,4622.448707818784,3.128861111111111,0.2569935612884427,0.0821364554584463,3000,1.5
498,498,498,9430,987,474,4613.607758939809,4.877527777777778,0.4276600278391818,0.0876796703829384,3000,1.5
499,499,499,9447,1043,441,5428.398658677369,1.010611111111111,0.0954036185640587,0.094401909414164,3000,1.8
500,500,500,9449,1386,381,6720.341605297357,0.8977222222222223,0.1074744373349988,0.1197190341005,3500,2.4
