,Unnamed: 0,Unnamed: 0.1,Unnamed: 0.1.1,Unnamed: 0.1.1.1,Unnamed: 0.1.1.1.1,Unnamed: 0.1.1.1.1.1,Unnamed: 0.1.1.1.1.1.1,Unnamed: 0.1.1.1.1.1.1.1,VehId,Vehicle Type,Vehicle Class,Engine Configuration & Displacement,Transmission,Drive Wheels,Generalized_Weight,EngineType,DayNum,Trip,Timestamp(ms),Latitude[deg],Longitude[deg],Vehicle Speed[km/h],MAF[g/sec],Engine RPM[RPM],Absolute Load[%],OAT[DegC],Fuel Rate[L/hr],Air Conditioning Power[kW],Air Conditioning Power[Watts],Heater Power[Watts],HV Battery Current[A],HV Battery SOC[%],HV Battery Voltage[V],Short Term Fuel Trim Bank 1[%],Short Term Fuel Trim Bank 2[%],Long Term Fuel Trim Bank 1[%],Long Term Fuel Trim Bank 2[%],Acceleration[mph/s],Distance[km],Fuel Consumption[km/L]
0,0,0,0,0,0,0,0,0,8,ICE,Car,4-FI 1.5L,5-SP MANUAL,NO DATA,2500,,107.90807849999999,1006,0,42.2640608333,-83.7499902778,24.0,2.99000000954,1433.0,14.117647171,,,,,,,,,4.6875,,-0.78125,,,0.0,16.542033573735548
1,1,1,1,1,1,1,1,1,8,ICE,Car,4-FI 1.5L,5-SP MANUAL,NO DATA,2500,,107.90807849999999,1006,700,42.2640608333,-83.7499902778,24.0,4.1300001144400005,1206.0,14.117647171,,,,,,,,,4.6875,,-0.78125,,0.0,0.004666666666666666,19.655666758841654
2,2,2,2,2,2,2,2,2,8,ICE,Car,4-FI 1.5L,5-SP MANUAL,NO DATA,2500,,107.90807849999999,1006,900,42.2640608333,-83.7499902778,22.0,4.1300001144400005,1206.0,14.117647171,,,,,,,,,4.6875,,-0.78125,,-6.21371,0.0012222222222222222,18.017694528938183
3,3,3,3,3,3,3,3,3,8,ICE,Car,4-FI 1.5L,5-SP MANUAL,NO DATA,2500,,107.90807849999999,1006,2000,42.2640608333,-83.7499902778,23.0,4.1300001144400005,1206.0,14.117647171,,,,,,,,,4.6875,,-0.78125,,0.5648827272727273,0.007027777777777779,18.83668064388992
4,4,4,4,4,4,4,4,4,8,ICE,Car,4-FI 1.5L,5-SP MANUAL,NO DATA,2500,,107.90807849999999,1006,2800,42.2640608333,-83.7499902778,23.0,16.4599990845,1518.0,14.117647171,,,,,,,,,4.6875,,-0.78125,,0.0,0.005111111111111111,14.965109918663535
5,5,5,5,5,5,5,5,5,8,ICE,Car,4-FI 1.5L,5-SP MANUAL,NO DATA,2500,,107.90807849999999,1006,3000,42.2641336111,-83.7497680556,28.0,16.4599990845,1518.0,14.117647171,,,,,,,,,4.6875,,-0.78125,,15.534275,0.0015555555555555557,18.21839468359039
6,6,6,6,6,6,6,6,6,8,ICE,Car,4-FI 1.5L,5-SP MANUAL,NO DATA,2500,,107.90807849999999,1006,3800,42.2641336111,-83.7497680556,28.0,16.4599990845,1518.0,71.37255096439999,,,,,,,,,4.6875,,-0.78125,,0.0,0.006222222222222223,3.6036384392823626
7,7,7,7,7,7,7,7,7,8,ICE,Car,4-FI 1.5L,5-SP MANUAL,NO DATA,2500,,107.90807849999999,1006,4000,42.2641336111,-83.7497680556,32.0,16.4599990845,1518.0,71.37255096439999,,,,,,,,,4.6875,,-0.78125,,12.42742,0.0017777777777777779,4.1184439306084135
8,8,8,8,8,8,8,8,8,8,ICE,Car,4-FI 1.5L,5-SP MANUAL,NO DATA,2500,,107.90807849999999,1006,4400,42.2641336111,-83.7497680556,32.0,16.4599990845,1518.0,71.37255096439999,,,,,,,,,0.0,,-0.78125,,0.0,0.0035555555555555557,4.1184439306084135
9,9,9,9,9,9,9,9,9,8,ICE,Car,4-FI 1.5L,5-SP MANUAL,NO DATA,2500,,107.90807849999999,1006,4900,42.2641336111,-83.7497680556,32.0,14.369999885599999,2035.0,71.37255096439999,,,,,,,,,0.0,,-0.78125,,0.0,0.0044444444444444444,3.0721365536430336
10,10,10,10,10,10,10,10,10,8,ICE,Car,4-FI 1.5L,5-SP MANUAL,NO DATA,2500,,107.90807849999999,1006,5400,42.2641336111,-83.7497680556,37.0,14.369999885599999,2035.0,71.37255096439999,,,,,,,,,0.0,,-0.78125,,6.21371,0.005138888888888889,3.5521578901497586
11,11,11,11,11,11,11,11,11,8,ICE,Car,4-FI 1.5L,5-SP MANUAL,NO DATA,2500,,107.90807849999999,1006,6200,42.2641336111,-83.7497680556,37.0,14.369999885599999,2035.0,71.37255096439999,,,,,,,,,0.0,,-0.78125,,0.0,0.008222222222222223,3.5521578901497586
12,12,12,12,12,12,12,12,12,8,ICE,Car,4-FI 1.5L,5-SP MANUAL,NO DATA,2500,,107.90807849999999,1006,6400,42.2641336111,-83.7497680556,42.0,14.369999885599999,2035.0,71.37255096439999,,,,,,,,,0.0,,-0.78125,,15.534275,0.0023333333333333335,4.032179226656482
13,13,13,13,13,13,13,13,13,8,ICE,Car,4-FI 1.5L,5-SP MANUAL,NO DATA,2500,,107.90807849999999,1006,7000,42.2641733333,-83.7492419444,42.0,14.369999885599999,2035.0,71.37255096439999,,,,,,,,,0.0,,-0.78125,,0.0,0.007,4.032179226656482
14,14,14,14,14,14,14,14,14,8,ICE,Car,4-FI 1.5L,5-SP MANUAL,NO DATA,2500,,107.90807849999999,1006,7300,42.2641733333,-83.7492419444,42.0,12.760000228900001,2246.0,71.37255096439999,,,,,,,,,0.0,,-0.78125,,0.0,0.0035,3.653376992985727
15,15,15,15,15,15,15,15,15,8,ICE,Car,4-FI 1.5L,5-SP MANUAL,NO DATA,2500,,107.90807849999999,1006,7500,42.2641733333,-83.7492419444,45.0,12.760000228900001,2246.0,71.37255096439999,,,,,,,,,0.0,,-0.78125,,9.320565,0.0025,3.914332492484708
16,16,16,16,16,16,16,16,16,8,ICE,Car,4-FI 1.5L,5-SP MANUAL,NO DATA,2500,,107.90807849999999,1006,10000,42.2641880556,-83.7487641667,48.0,14.9300003052,1904.0,54.509803772,,,,,,,,,0.78125,,-0.78125,,0.7456451999999999,0.03333333333333333,6.448903007104763
17,17,17,17,17,17,17,17,17,8,ICE,Car,4-FI 1.5L,5-SP MANUAL,NO DATA,2500,,107.90807849999999,1006,11400,42.2641880556,-83.7487641667,51.0,14.9300003052,1904.0,54.509803772,,,,,,,,,0.78125,,-0.78125,,1.3315092857142858,0.01983333333333333,6.851959445048809
18,18,18,18,18,18,18,18,18,8,ICE,Car,4-FI 1.5L,5-SP MANUAL,NO DATA,2500,,107.90807849999999,1006,12500,42.2641880556,-83.7487641667,52.0,4.55999994278,2073.0,54.509803772,,,,,,,,,0.78125,,-0.78125,,0.5648827272727273,0.01588888888888889,6.416757004014193
19,19,19,19,19,19,19,19,19,8,ICE,Car,4-FI 1.5L,5-SP MANUAL,NO DATA,2500,,107.90807849999999,1006,12900,42.2642094444,-83.74824,52.0,4.55999994278,2073.0,54.509803772,,,,,,,,,0.78125,,-0.78125,,0.0,0.005777777777777778,6.416757004014193
20,20,20,20,20,20,20,20,20,8,ICE,Car,4-FI 1.5L,5-SP MANUAL,NO DATA,2500,,107.90807849999999,1006,13500,42.2642094444,-83.74824,53.0,4.55999994278,2073.0,54.509803772,,,,,,,,,0.78125,,-0.78125,,1.0356183333333333,0.008833333333333334,6.540156177168312
21,21,21,21,21,21,21,21,21,8,ICE,Car,4-FI 1.5L,5-SP MANUAL,NO DATA,2500,,107.90807849999999,1006,14500,42.2642094444,-83.74824,53.0,8.67000007629,2128.0,54.509803772,,,,,,,,,0.78125,,-0.78125,,0.0,0.014722222222222222,6.371120185747138
22,22,22,22,22,22,22,22,22,8,ICE,Car,4-FI 1.5L,5-SP MANUAL,NO DATA,2500,,107.90807849999999,1006,15600,42.2642094444,-83.74824,55.0,8.67000007629,2128.0,28.235294342,,,,,,,,,4.6875,,-0.78125,,1.1297654545454543,0.01680555555555556,12.76394478495034
23,23,23,23,23,23,23,23,23,8,ICE,Car,4-FI 1.5L,5-SP MANUAL,NO DATA,2500,,107.90807849999999,1006,16000,42.2642061111,-83.74769472220001,55.0,8.67000007629,2128.0,28.235294342,,,,,,,,,4.6875,,-0.78125,,0.0,0.006111111111111111,12.76394478495034
24,24,24,24,24,24,24,24,24,8,ICE,Car,4-FI 1.5L,5-SP MANUAL,NO DATA,2500,,107.90807849999999,1006,16900,42.2642061111,-83.74769472220001,56.0,9.10000038147,2243.0,28.235294342,,,,,,,,,4.6875,,-0.78125,,0.6904122222222222,0.014,12.329702688225687
25,25,25,25,25,25,25,25,25,8,ICE,Car,4-FI 1.5L,5-SP MANUAL,NO DATA,2500,,107.90807849999999,1006,18000,42.2642061111,-83.74769472220001,57.0,9.10000038147,2243.0,28.235294342,,,,,,,,,4.6875,,-0.78125,,0.5648827272727273,0.01741666666666667,12.54987595051543
26,26,26,26,26,26,26,26,26,8,ICE,Car,4-FI 1.5L,5-SP MANUAL,NO DATA,2500,,107.90807849999999,1006,19000,42.2642061111,-83.74769472220001,57.0,3.81999993324,1760.0,28.235294342,,,,,,,,,4.6875,,-0.78125,,0.0,0.015833333333333335,15.993961225571658
27,27,27,27,27,27,27,27,27,8,ICE,Car,4-FI 1.5L,5-SP MANUAL,NO DATA,2500,,107.90807849999999,1006,19900,42.2641622222,-83.7469261111,57.0,3.81999993324,1760.0,28.235294342,,,,,,,,,4.6875,,-0.78125,,0.0,0.01425,15.993961225571658
28,28,28,28,28,28,28,28,28,8,ICE,Car,4-FI 1.5L,5-SP MANUAL,NO DATA,2500,,107.90807849999999,1006,20300,42.2641622222,-83.7469261111,58.0,3.81999993324,1760.0,28.235294342,,,,,,,,,4.6875,,-0.78125,,1.5534275,0.0064444444444444445,16.274557036546597
29,29,29,29,29,29,29,29,29,8,ICE,Car,4-FI 1.5L,5-SP MANUAL,NO DATA,2500,,107.90807849999999,1006,20900,42.2641622222,-83.7469261111,58.0,3.81999993324,1760.0,25.490196228000002,,,,,,,,,3.125,,-0.78125,,0.0,0.009666666666666667,18.02720167794545
30,30,30,30,30,30,30,30,30,8,ICE,Car,4-FI 1.5L,5-SP MANUAL,NO DATA,2500,,107.90807849999999,1006,21100,42.2641622222,-83.7469261111,58.0,8.489999771119999,1789.0,25.490196228000002,,,,,,,,,3.125,,-0.78125,,0.0,0.0032222222222222222,17.734977614971488
31,31,31,31,31,31,31,31,31,8,ICE,Car,4-FI 1.5L,5-SP MANUAL,NO DATA,2500,,107.90807849999999,1006,21800,42.2641622222,-83.7469261111,59.0,8.489999771119999,1789.0,25.490196228000002,,,,,,,,,3.125,,-0.78125,,0.8876728571428572,0.011472222222222222,18.040753091091688
32,32,32,32,32,32,32,32,32,8,ICE,Car,4-FI 1.5L,5-SP MANUAL,NO DATA,2500,,107.90807849999999,1006,22900,42.2641066667,-83.7463397222,60.0,8.489999771119999,1789.0,25.490196228000002,,,,,,,,,3.125,,-0.78125,,0.5648827272727273,0.018333333333333337,18.346528567211887
33,33,33,33,33,33,33,33,33,8,ICE,Car,4-FI 1.5L,5-SP MANUAL,NO DATA,2500,,107.90807849999999,1006,23400,42.2641066667,-83.7463397222,60.0,8.92000007629,1834.0,25.490196228000002,,,,,,,,,3.125,,-0.78125,,0.0,0.008333333333333333,17.896368378812465
34,34,34,34,34,34,34,34,34,8,ICE,Car,4-FI 1.5L,5-SP MANUAL,NO DATA,2500,,107.90807849999999,1006,24500,42.2641066667,-83.7463397222,61.0,8.92000007629,1834.0,25.490196228000002,,,,,,,,,3.125,,-0.78125,,0.5648827272727273,0.018638888888888892,18.194641185126013
35,35,35,35,35,35,35,35,35,8,ICE,Car,4-FI 1.5L,5-SP MANUAL,NO DATA,2500,,107.90807849999999,1006,25500,42.2641066667,-83.7463397222,62.0,11.880000114400001,1905.0,25.490196228000002,,,,,,,,,3.125,,-0.78125,,0.621371,0.017222222222222222,17.80367677706043
36,36,36,36,36,36,36,36,36,8,ICE,Car,4-FI 1.5L,5-SP MANUAL,NO DATA,2500,,107.90807849999999,1006,25900,42.264001666700004,-83.7457347222,62.0,11.880000114400001,1905.0,41.1764717102,,,,,,,,,2.34375,,-0.78125,,0.0,0.006888888888888889,11.021323483496516
37,37,37,37,37,37,37,37,37,8,ICE,Car,4-FI 1.5L,5-SP MANUAL,NO DATA,2500,,107.90807849999999,1006,26600,42.264001666700004,-83.7457347222,64.0,11.880000114400001,1905.0,41.1764717102,,,,,,,,,2.34375,,-0.78125,,1.7753457142857143,0.012444444444444444,11.376850047480273
38,38,38,38,38,38,38,38,38,8,ICE,Car,4-FI 1.5L,5-SP MANUAL,NO DATA,2500,,107.90807849999999,1006,27500,42.264001666700004,-83.7457347222,64.0,12.609999656700001,1987.0,41.1764717102,,,,,,,,,2.34375,,-0.78125,,0.0,0.016,10.907347428510278
39,39,39,39,39,39,39,39,39,8,ICE,Car,4-FI 1.5L,5-SP MANUAL,NO DATA,2500,,107.90807849999999,1006,28100,42.264001666700004,-83.7457347222,65.0,12.609999656700001,1987.0,41.1764717102,,,,,,,,,2.34375,,-0.78125,,1.0356183333333333,0.010833333333333334,11.07777473208075
40,40,40,40,40,40,40,40,40,8,ICE,Car,4-FI 1.5L,5-SP MANUAL,NO DATA,2500,,107.90807849999999,1006,28900,42.263857222199995,-83.7450975,65.0,12.609999656700001,1987.0,41.1764717102,,,,,,,,,2.34375,,-0.78125,,0.0,0.014444444444444446,11.07777473208075
41,41,41,41,41,41,41,41,41,8,ICE,Car,4-FI 1.5L,5-SP MANUAL,NO DATA,2500,,107.90807849999999,1006,29100,42.263857222199995,-83.7450975,67.0,12.609999656700001,1987.0,41.1764717102,,,,,,,,,2.34375,,-0.78125,,6.21371,0.0037222222222222223,11.418629339221695
42,42,42,42,42,42,42,42,42,8,ICE,Car,4-FI 1.5L,5-SP MANUAL,NO DATA,2500,,107.90807849999999,1006,29500,42.263857222199995,-83.7450975,67.0,11.010000228900001,2073.0,41.1764717102,,,,,,,,,2.34375,,-0.78125,,0.0,0.0074444444444444445,10.94491871540449
43,43,43,43,43,43,43,43,43,8,ICE,Car,4-FI 1.5L,5-SP MANUAL,NO DATA,2500,,107.90807849999999,1006,30200,42.263857222199995,-83.7450975,68.0,11.010000228900001,2073.0,41.1764717102,,,,,,,,,2.34375,,-0.78125,,0.8876728571428572,0.013222222222222222,11.108275711156798
44,44,44,44,44,44,44,44,44,8,ICE,Car,4-FI 1.5L,5-SP MANUAL,NO DATA,2500,,107.90807849999999,1006,31200,42.263857222199995,-83.7450975,69.0,11.010000228900001,2073.0,34.509803772,,,,,,,,,5.46875,,-0.78125,,0.621371,0.019166666666666665,13.449107631854535
45,45,45,45,45,45,45,45,45,8,ICE,Car,4-FI 1.5L,5-SP MANUAL,NO DATA,2500,,107.90807849999999,1006,31500,42.263857222199995,-83.7450975,69.0,10.9399995804,2116.0,34.509803772,,,,,,,,,5.46875,,-0.78125,,0.0,0.00575,13.175803459751632
46,46,46,46,46,46,46,46,46,8,ICE,Car,4-FI 1.5L,5-SP MANUAL,NO DATA,2500,,107.90807849999999,1006,32000,42.2636538889,-83.7444108333,69.0,10.9399995804,2116.0,34.509803772,,,,,,,,,5.46875,,-0.78125,,0.0,0.009583333333333333,13.175803459751632
47,47,47,47,47,47,47,47,47,8,ICE,Car,4-FI 1.5L,5-SP MANUAL,NO DATA,2500,,107.90807849999999,1006,33600,42.2636538889,-83.7444108333,70.0,11.1599998474,2133.0,34.509803772,,,,,,,,,5.46875,,-0.78125,,0.388356875,0.031111111111111114,13.260224141397176
48,48,48,48,48,48,48,48,48,8,ICE,Car,4-FI 1.5L,5-SP MANUAL,NO DATA,2500,,107.90807849999999,1006,35000,42.2634836111,-83.74375361109999,70.0,11.1599998474,2133.0,34.509803772,,,,,,,,,5.46875,,-0.78125,,0.0,0.02722222222222222,13.260224141397176
49,49,49,49,49,49,49,49,49,8,ICE,Car,4-FI 1.5L,5-SP MANUAL,NO DATA,2500,,107.90807849999999,1006,35700,42.2634836111,-83.74375361109999,70.0,10.869999885599999,2133.0,34.509803772,,,,,,,,,5.46875,,-0.78125,,0.0,0.01361111111111111,13.260224141397176
50,50,50,50,50,50,50,50,50,8,ICE,Car,4-FI 1.5L,5-SP MANUAL,NO DATA,2500,,107.90807849999999,1006,36200,42.2634836111,-83.74375361109999,70.0,10.869999885599999,2133.0,34.509803772,,,,,,,,,0.78125,,-0.78125,,0.0,0.009722222222222222,13.260224141397176
51,51,51,51,51,51,51,51,51,8,ICE,Car,4-FI 1.5L,5-SP MANUAL,NO DATA,2500,,107.90807849999999,1006,36700,42.2634836111,-83.74375361109999,69.0,10.869999885599999,2133.0,34.509803772,,,,,,,,,0.78125,,-0.78125,,-1.242742,0.009583333333333333,13.070792367948645
52,52,52,52,52,52,52,52,52,8,ICE,Car,4-FI 1.5L,5-SP MANUAL,NO DATA,2500,,107.90807849999999,1006,37800,42.2634836111,-83.74375361109999,68.0,14.640000343299999,2083.0,34.509803772,,,,,,,,,0.78125,,-0.78125,,-0.5648827272727273,0.02077777777777778,13.190562721108373
53,53,53,53,53,53,53,53,53,8,ICE,Car,4-FI 1.5L,5-SP MANUAL,NO DATA,2500,,107.90807849999999,1006,39000,42.2632661111,-83.7428733333,68.0,14.640000343299999,2083.0,34.509803772,,,,,,,,,0.78125,,-0.78125,,0.0,0.022666666666666665,13.190562721108373
54,54,54,54,54,54,54,54,54,8,ICE,Car,4-FI 1.5L,5-SP MANUAL,NO DATA,2500,,107.90807849999999,1006,40200,42.2632661111,-83.7428733333,68.0,14.739999771099999,2061.0,34.509803772,,,,,,,,,0.78125,,-0.78125,,0.0,0.022666666666666665,13.331364458063435
55,55,55,55,55,55,55,55,55,8,ICE,Car,4-FI 1.5L,5-SP MANUAL,NO DATA,2500,,107.90807849999999,1006,41300,42.2632661111,-83.7428733333,68.0,14.739999771099999,2061.0,50.5882377625,,,,,,,,,7.03125,,-0.78125,,0.0,0.02077777777777778,9.094263643273596
56,56,56,56,56,56,56,56,56,8,ICE,Car,4-FI 1.5L,5-SP MANUAL,NO DATA,2500,,107.90807849999999,1006,41900,42.263116111100004,-83.7422383333,68.0,14.739999771099999,2061.0,50.5882377625,,,,,,,,,7.03125,,-0.78125,,0.0,0.011333333333333332,9.094263643273596
57,57,57,57,57,57,57,57,57,8,ICE,Car,4-FI 1.5L,5-SP MANUAL,NO DATA,2500,,107.90807849999999,1006,42300,42.263116111100004,-83.7422383333,67.0,15.119999885599999,2055.0,50.5882377625,,,,,,,,,7.03125,,-0.78125,,-1.5534275,0.0074444444444444445,8.986686587295846
58,58,58,58,58,58,58,58,58,8,ICE,Car,4-FI 1.5L,5-SP MANUAL,NO DATA,2500,,107.90807849999999,1006,44700,42.263116111100004,-83.7422383333,66.0,4.21000003815,1998.0,50.5882377625,,,,,,,,,7.03125,,-0.78125,,-0.2589045833333333,0.044,9.105107359859376
59,59,59,59,59,59,59,59,59,8,ICE,Car,4-FI 1.5L,5-SP MANUAL,NO DATA,2500,,107.90807849999999,1006,45000,42.262964722199996,-83.7416186111,66.0,4.21000003815,1998.0,50.5882377625,,,,,,,,,7.03125,,-0.78125,,0.0,0.0055,9.105107359859376
60,60,60,60,60,60,60,60,60,8,ICE,Car,4-FI 1.5L,5-SP MANUAL,NO DATA,2500,,107.90807849999999,1006,45700,42.262964722199996,-83.7416186111,64.0,4.21000003815,1998.0,50.5882377625,,,,,,,,,7.03125,,-0.78125,,-1.7753457142857143,0.012444444444444444,8.829195015621213
61,61,61,61,61,61,61,61,61,8,ICE,Car,4-FI 1.5L,5-SP MANUAL,NO DATA,2500,,107.90807849999999,1006,46700,42.262964722199996,-83.7416186111,63.0,4.1300001144400005,1922.0,14.117647171,,,,,,,,,2.34375,,-0.78125,,-0.621371,0.0175,32.37509211332102
62,62,62,62,62,62,62,62,62,8,ICE,Car,4-FI 1.5L,5-SP MANUAL,NO DATA,2500,,107.90807849999999,1006,47800,42.262964722199996,-83.7416186111,62.0,4.1300001144400005,1922.0,14.117647171,,,,,,,,,2.34375,,-0.78125,,-0.5648827272727273,0.018944444444444448,31.861201762315922
63,63,63,63,63,63,63,63,63,8,ICE,Car,4-FI 1.5L,5-SP MANUAL,NO DATA,2500,,107.90807849999999,1006,48000,42.2627894444,-83.74100055560001,62.0,4.1300001144400005,1922.0,14.117647171,,,,,,,,,2.34375,,-0.78125,,0.0,0.0034444444444444444,31.861201762315922
64,64,64,64,64,64,64,64,64,8,ICE,Car,4-FI 1.5L,5-SP MANUAL,NO DATA,2500,,107.90807849999999,1006,48800,42.2627894444,-83.74100055560001,62.0,4.01000022888,1882.0,14.117647171,,,,,,,,,2.34375,,-0.78125,,0.0,0.013777777777777778,32.53837927054792
65,65,65,65,65,65,65,65,65,8,ICE,Car,4-FI 1.5L,5-SP MANUAL,NO DATA,2500,,107.90807849999999,1006,50800,42.2627894444,-83.74100055560001,62.0,3.9400000572199994,1836.0,14.117647171,,,,,,,,,2.34375,,-0.78125,,0.0,0.034444444444444444,33.35361099519128
66,66,66,66,66,66,66,66,66,8,ICE,Car,4-FI 1.5L,5-SP MANUAL,NO DATA,2500,,107.90807849999999,1006,51300,42.2627894444,-83.74100055560001,60.0,3.9400000572199994,1836.0,14.117647171,,,,,,,,,2.34375,,-0.78125,,-2.485484,0.008333333333333333,32.277688059862534
67,67,67,67,67,67,67,67,67,8,ICE,Car,4-FI 1.5L,5-SP MANUAL,NO DATA,2500,,107.90807849999999,1006,52000,42.2625677778,-83.74021305560001,60.0,3.9400000572199994,1836.0,14.117647171,,,,,,,,,2.34375,,-0.78125,,0.0,0.011666666666666665,32.277688059862534
68,68,68,68,68,68,68,68,68,8,ICE,Car,4-FI 1.5L,5-SP MANUAL,NO DATA,2500,,107.90807849999999,1006,52100,42.2625677778,-83.74021305560001,60.0,3.9400000572199994,1836.0,14.509803772,,,,,,,,,0.0,,-0.78125,,0.0,0.0016666666666666668,31.40531868556953
69,69,69,69,69,69,69,69,69,8,ICE,Car,4-FI 1.5L,5-SP MANUAL,NO DATA,2500,,107.90807849999999,1006,53100,42.2625677778,-83.74021305560001,60.0,3.91000008583,1792.0,14.509803772,,,,,,,,,0.0,,-0.78125,,0.0,0.016666666666666666,32.1764314211527
70,70,70,70,70,70,70,70,70,8,ICE,Car,4-FI 1.5L,5-SP MANUAL,NO DATA,2500,,107.90807849999999,1006,53400,42.2625677778,-83.74021305560001,59.0,3.91000008583,1792.0,14.509803772,,,,,,,,,0.0,,-0.78125,,-2.0712366666666666,0.004916666666666666,31.640157564133485
71,71,71,71,71,71,71,71,71,8,ICE,Car,4-FI 1.5L,5-SP MANUAL,NO DATA,2500,,107.90807849999999,1006,53900,42.2624641667,-83.7398452778,59.0,3.91000008583,1792.0,14.509803772,,,,,,,,,0.0,,-0.78125,,0.0,0.008194444444444445,31.640157564133485
72,72,72,72,72,72,72,72,72,8,ICE,Car,4-FI 1.5L,5-SP MANUAL,NO DATA,2500,,107.90807849999999,1006,54400,42.2624641667,-83.7398452778,58.0,3.91000008583,1792.0,14.509803772,,,,,,,,,0.0,,-0.78125,,-1.242742,0.008055555555555555,31.103883707114267
73,73,73,73,73,73,73,73,73,8,ICE,Car,4-FI 1.5L,5-SP MANUAL,NO DATA,2500,,107.90807849999999,1006,55100,42.2624641667,-83.7398452778,58.0,6.1999998092699995,1322.0,14.509803772,,,,,,,,,0.0,,-0.78125,,0.0,0.011277777777777777,42.161996674091355
74,74,74,74,74,74,74,74,74,8,ICE,Car,4-FI 1.5L,5-SP MANUAL,NO DATA,2500,,107.90807849999999,1006,55800,42.2624641667,-83.7398452778,53.0,6.1999998092699995,1322.0,14.509803772,,,,,,,,,0.0,,-0.78125,,-4.438364285714285,0.010305555555555556,38.52734178839385
75,75,75,75,75,75,75,75,75,8,ICE,Car,4-FI 1.5L,5-SP MANUAL,NO DATA,2500,,107.90807849999999,1006,56800,42.2624641667,-83.7398452778,49.0,6.1999998092699995,1322.0,14.509803772,,,,,,,,,0.0,,-0.78125,,-2.485484,0.01361111111111111,35.61961787983581
76,76,76,76,76,76,76,76,76,8,ICE,Car,4-FI 1.5L,5-SP MANUAL,NO DATA,2500,,107.90807849999999,1006,57100,42.2624641667,-83.7398452778,49.0,6.1999998092699995,1322.0,30.980392456100002,,,,,,,,,0.0,,-0.78125,,0.0,0.004083333333333333,16.68260550935262
77,77,77,77,77,77,77,77,77,8,ICE,Car,4-FI 1.5L,5-SP MANUAL,NO DATA,2500,,107.90807849999999,1006,57200,42.2624641667,-83.7398452778,49.0,3.78999996185,1034.0,30.980392456100002,,,,,,,,,0.0,,-0.78125,,0.0,0.0013611111111111111,21.329211299191645
78,78,78,78,78,78,78,78,78,8,ICE,Car,4-FI 1.5L,5-SP MANUAL,NO DATA,2500,,107.90807849999999,1006,57900,42.2622683333,-83.7392461111,49.0,3.78999996185,1034.0,30.980392456100002,,,,,,,,,0.0,,-0.78125,,0.0,0.009527777777777777,21.329211299191645
79,79,79,79,79,79,79,79,79,8,ICE,Car,4-FI 1.5L,5-SP MANUAL,NO DATA,2500,,107.90807849999999,1006,58100,42.2622683333,-83.7392461111,46.0,3.78999996185,1034.0,30.980392456100002,,,,,,,,,0.0,,-0.78125,,-9.320565,0.0025555555555555557,20.0233412196493
80,80,80,80,80,80,80,80,80,8,ICE,Car,4-FI 1.5L,5-SP MANUAL,NO DATA,2500,,107.90807849999999,1006,59100,42.2622683333,-83.7392461111,42.0,3.78999996185,1034.0,30.980392456100002,,,,,,,,,0.0,,-0.78125,,-2.485484,0.011666666666666667,18.282181113592838
81,81,81,81,81,81,81,81,81,8,ICE,Car,4-FI 1.5L,5-SP MANUAL,NO DATA,2500,,107.90807849999999,1006,59200,42.2622683333,-83.7392461111,42.0,2.96000003815,1019.0,30.980392456100002,,,,,,,,,0.0,,-0.78125,,0.0,0.0011666666666666668,18.551300560799802
82,82,82,82,82,82,82,82,82,8,ICE,Car,4-FI 1.5L,5-SP MANUAL,NO DATA,2500,,107.90807849999999,1006,60200,42.2622683333,-83.7392461111,38.0,2.96000003815,1019.0,30.980392456100002,,,,,,,,,0.0,,-0.78125,,-2.485484,0.010555555555555556,16.78451003119982
83,83,83,83,83,83,83,83,83,8,ICE,Car,4-FI 1.5L,5-SP MANUAL,NO DATA,2500,,107.90807849999999,1006,60900,42.2621377778,-83.7388941667,38.0,2.96000003815,1019.0,30.980392456100002,,,,,,,,,0.0,,-0.78125,,0.0,0.007388888888888888,16.78451003119982
84,84,84,84,84,84,84,84,84,8,ICE,Car,4-FI 1.5L,5-SP MANUAL,NO DATA,2500,,107.90807849999999,1006,61800,42.2621377778,-83.7388941667,35.0,2.78999996185,899.0,30.980392456100002,,,,,,,,,0.0,,-0.78125,,-2.0712366666666666,0.00875,17.522965583477006
85,85,85,85,85,85,85,85,85,8,ICE,Car,4-FI 1.5L,5-SP MANUAL,NO DATA,2500,,107.90807849999999,1006,62100,42.2621377778,-83.7388941667,35.0,2.78999996185,899.0,21.1764717102,,,,,,,,,-1.5625,,-0.78125,,0.0,0.0029166666666666664,25.63544853930362
86,86,86,86,86,86,86,86,86,8,ICE,Car,4-FI 1.5L,5-SP MANUAL,NO DATA,2500,,107.90807849999999,1006,62900,42.2621377778,-83.7388941667,33.0,2.78999996185,899.0,21.1764717102,,,,,,,,,-1.5625,,-0.78125,,-1.5534275,0.007333333333333334,24.170565765629128
87,87,87,87,87,87,87,87,87,8,ICE,Car,4-FI 1.5L,5-SP MANUAL,NO DATA,2500,,107.90807849999999,1006,63900,42.2621377778,-83.7388941667,33.0,2.6099998951,768.0,21.1764717102,,,,,,,,,-1.5625,,-0.78125,,0.0,0.009166666666666667,28.293409665755977
88,88,88,88,88,88,88,88,88,8,ICE,Car,4-FI 1.5L,5-SP MANUAL,NO DATA,2500,,107.90807849999999,1006,64000,42.2620127778,-83.7385927778,33.0,2.6099998951,768.0,21.1764717102,,,,,,,,,-1.5625,,-0.78125,,0.0,0.0009166666666666668,28.293409665755977
89,89,89,89,89,89,89,89,89,8,ICE,Car,4-FI 1.5L,5-SP MANUAL,NO DATA,2500,,107.90807849999999,1006,64900,42.2620127778,-83.7385927778,32.0,2.6099998951,768.0,21.1764717102,,,,,,,,,-1.5625,,-0.78125,,-0.6904122222222222,0.008,27.43603361527852
90,90,90,90,90,90,90,90,90,8,ICE,Car,4-FI 1.5L,5-SP MANUAL,NO DATA,2500,,107.90807849999999,1006,66000,42.2620127778,-83.7385927778,35.0,4.25,1944.0,21.1764717102,,,,,,,,,-1.5625,,-0.78125,,1.6946481818181818,0.010694444444444446,11.85507625351541
91,91,91,91,91,91,91,91,91,8,ICE,Car,4-FI 1.5L,5-SP MANUAL,NO DATA,2500,,107.90807849999999,1006,66500,42.2620127778,-83.7385927778,35.0,4.25,1944.0,21.1764717102,,,,,,,,,-1.5625,,-0.78125,,0.0,0.004861111111111111,11.85507625351541
92,92,92,92,92,92,92,92,92,8,ICE,Car,4-FI 1.5L,5-SP MANUAL,NO DATA,2500,,107.90807849999999,1006,67000,42.2618666667,-83.7382941667,35.0,4.25,1944.0,21.1764717102,,,,,,,,,-1.5625,,-0.78125,,0.0,0.004861111111111111,11.85507625351541
93,93,93,93,93,93,93,93,93,8,ICE,Car,4-FI 1.5L,5-SP MANUAL,NO DATA,2500,,107.90807849999999,1006,67500,42.2618666667,-83.7382941667,36.0,4.25,1944.0,33.3333320618,,,,,,,,,3.90625,,-0.78125,,1.242742,0.005,7.746645491424098
94,94,94,94,94,94,94,94,94,8,ICE,Car,4-FI 1.5L,5-SP MANUAL,NO DATA,2500,,107.90807849999999,1006,68000,42.2618666667,-83.7382941667,36.0,10.1599998474,2096.0,33.3333320618,,,,,,,,,3.90625,,-0.78125,,0.0,0.005,7.184865856549831
95,95,95,95,95,95,95,95,95,8,ICE,Car,4-FI 1.5L,5-SP MANUAL,NO DATA,2500,,107.90807849999999,1006,68500,42.2618666667,-83.7382941667,38.0,10.1599998474,2096.0,33.3333320618,,,,,,,,,3.90625,,-0.78125,,2.485484,0.005277777777777778,7.584025070802598
96,96,96,96,96,96,96,96,96,8,ICE,Car,4-FI 1.5L,5-SP MANUAL,NO DATA,2500,,107.90807849999999,1006,69600,42.2618666667,-83.7382941667,39.0,10.1599998474,2096.0,33.3333320618,,,,,,,,,3.90625,,-0.78125,,0.5648827272727273,0.01191666666666667,7.783604677928983
97,97,97,97,97,97,97,97,97,8,ICE,Car,4-FI 1.5L,5-SP MANUAL,NO DATA,2500,,107.90807849999999,1006,70000,42.261707777800005,-83.7379838889,39.0,10.6000003815,2180.0,33.3333320618,,,,,,,,,3.90625,,-0.78125,,0.0,0.004333333333333333,7.483685965568418
98,98,98,98,98,98,98,98,98,8,ICE,Car,4-FI 1.5L,5-SP MANUAL,NO DATA,2500,,107.90807849999999,1006,70800,42.261707777800005,-83.7379838889,40.0,10.6000003815,2180.0,33.3333320618,,,,,,,,,3.90625,,-0.78125,,0.77671375,0.008888888888888889,7.675575349300942
99,99,99,99,99,99,99,99,99,8,ICE,Car,4-FI 1.5L,5-SP MANUAL,NO DATA,2500,,107.90807849999999,1006,72000,42.261707777800005,-83.7379838889,40.0,5.730000019069999,2211.0,33.3333320618,,,,,,,,,3.90625,,-0.78125,,0.0,0.013333333333333332,7.567957603562211
100,100,100,100,100,100,100,100,100,8,ICE,Car,4-FI 1.5L,5-SP MANUAL,NO DATA,2500,,107.90807849999999,1006,72600,42.261707777800005,-83.7379838889,40.0,5.730000019069999,2211.0,17.254901886,,,,,,,,,3.125,,-0.78125,,0.0,0.006666666666666666,14.619917603463293
101,101,101,101,101,101,101,101,101,8,ICE,Car,4-FI 1.5L,5-SP MANUAL,NO DATA,2500,,107.90807849999999,1006,73000,42.261540000000004,-83.7376513889,40.0,5.730000019069999,2211.0,17.254901886,,,,,,,,,3.125,,-0.78125,,0.0,0.0044444444444444444,14.619917603463293
102,102,102,102,102,102,102,102,102,8,ICE,Car,4-FI 1.5L,5-SP MANUAL,NO DATA,2500,,107.90807849999999,1006,73900,42.261540000000004,-83.7376513889,41.0,5.730000019069999,2211.0,17.254901886,,,,,,,,,3.125,,-0.78125,,0.6904122222222222,0.01025,14.985415543549873
103,103,103,103,103,103,103,103,103,8,ICE,Car,4-FI 1.5L,5-SP MANUAL,NO DATA,2500,,107.90807849999999,1006,74000,42.261540000000004,-83.7376513889,41.0,10.6599998474,2363.0,17.254901886,,,,,,,,,3.125,,-0.78125,,0.0,0.001138888888888889,14.02147853016876
104,104,104,104,104,104,104,104,104,8,ICE,Car,4-FI 1.5L,5-SP MANUAL,NO DATA,2500,,107.90807849999999,1006,74900,42.261540000000004,-83.7376513889,43.0,10.6599998474,2363.0,17.254901886,,,,,,,,,3.125,,-0.78125,,1.3808244444444444,0.010750000000000001,14.705453092616015
105,105,105,105,105,105,105,105,105,8,ICE,Car,4-FI 1.5L,5-SP MANUAL,NO DATA,2500,,107.90807849999999,1006,75900,42.2613552778,-83.7372786111,43.0,10.6599998474,2363.0,17.254901886,,,,,,,,,3.125,,-0.78125,,0.0,0.011944444444444445,14.705453092616015
106,106,106,106,106,106,106,106,106,8,ICE,Car,4-FI 1.5L,5-SP MANUAL,NO DATA,2500,,107.90807849999999,1006,76000,42.2613552778,-83.7372786111,45.0,13.300000190699999,2475.0,17.254901886,,,,,,,,,3.125,,-0.78125,,12.42742,0.00125,14.69301719148061
107,107,107,107,107,107,107,107,107,8,ICE,Car,4-FI 1.5L,5-SP MANUAL,NO DATA,2500,,107.90807849999999,1006,77300,42.2613552778,-83.7372786111,47.0,13.300000190699999,2475.0,17.254901886,,,,,,,,,3.125,,-0.78125,,0.9559553846153844,0.016972222222222225,15.346040177768636
108,108,108,108,108,108,108,108,108,8,ICE,Car,4-FI 1.5L,5-SP MANUAL,NO DATA,2500,,107.90807849999999,1006,78100,42.2613552778,-83.7372786111,47.0,12.0200004578,2649.0,29.8039226532,,,,,,,,,5.46875,,-0.78125,,0.0,0.010444444444444445,8.300966140654504
109,109,109,109,109,109,109,109,109,8,ICE,Car,4-FI 1.5L,5-SP MANUAL,NO DATA,2500,,107.90807849999999,1006,78400,42.2613552778,-83.7372786111,49.0,12.0200004578,2649.0,29.8039226532,,,,,,,,,5.46875,,-0.78125,,4.142473333333333,0.004083333333333333,8.65419874238448
110,110,110,110,110,110,110,110,110,8,ICE,Car,4-FI 1.5L,5-SP MANUAL,NO DATA,2500,,107.90807849999999,1006,79900,42.261103888899996,-83.7367152778,49.0,12.0200004578,2649.0,29.8039226532,,,,,,,,,5.46875,,-0.78125,,0.0,0.020416666666666666,8.65419874238448
111,111,111,111,111,111,111,111,111,8,ICE,Car,4-FI 1.5L,5-SP MANUAL,NO DATA,2500,,107.90807849999999,1006,80200,42.261103888899996,-83.7367152778,49.0,8.67000007629,2732.0,29.8039226532,,,,,,,,,5.46875,,-0.78125,,0.0,0.004083333333333333,8.391278355994325
112,112,112,112,112,112,112,112,112,8,ICE,Car,4-FI 1.5L,5-SP MANUAL,NO DATA,2500,,107.90807849999999,1006,80400,42.261103888899996,-83.7367152778,50.0,8.67000007629,2732.0,29.8039226532,,,,,,,,,5.46875,,-0.78125,,3.106855,0.002777777777777778,8.562528934688084
113,113,113,113,113,113,113,113,113,8,ICE,Car,4-FI 1.5L,5-SP MANUAL,NO DATA,2500,,107.90807849999999,1006,82600,42.261103888899996,-83.7367152778,50.0,7.579999923710001,2767.0,29.8039226532,,,,,,,,,5.46875,,-0.78125,,0.0,0.03055555555555556,8.454220834682992
114,114,114,114,114,114,114,114,114,8,ICE,Car,4-FI 1.5L,5-SP MANUAL,NO DATA,2500,,107.90807849999999,1006,83000,42.2609294444,-83.73625055560001,50.0,7.579999923710001,2767.0,29.8039226532,,,,,,,,,5.46875,,-0.78125,,0.0,0.005555555555555556,8.454220834682992
115,115,115,115,115,115,115,115,115,8,ICE,Car,4-FI 1.5L,5-SP MANUAL,NO DATA,2500,,107.90807849999999,1006,83200,42.2609294444,-83.73625055560001,51.0,7.579999923710001,2767.0,18.4313735962,,,,,,,,,4.6875,,-0.78125,,3.106855,0.0028333333333333335,13.944067781250475
116,116,116,116,116,116,116,116,116,8,ICE,Car,4-FI 1.5L,5-SP MANUAL,NO DATA,2500,,107.90807849999999,1006,84200,42.2609294444,-83.73625055560001,50.0,7.579999923710001,2767.0,18.4313735962,,,,,,,,,4.6875,,-0.78125,,-0.621371,0.013888888888888888,13.670654687500468
117,117,117,117,117,117,117,117,117,8,ICE,Car,4-FI 1.5L,5-SP MANUAL,NO DATA,2500,,107.90807849999999,1006,85000,42.2609294444,-83.73625055560001,50.0,8.97999954224,2787.0,18.4313735962,,,,,,,,,4.6875,,-0.78125,,0.0,0.011111111111111112,13.57255167574948
118,118,118,118,118,118,118,118,118,8,ICE,Car,4-FI 1.5L,5-SP MANUAL,NO DATA,2500,,107.90807849999999,1006,85200,42.2609294444,-83.73625055560001,51.0,8.97999954224,2787.0,18.4313735962,,,,,,,,,4.6875,,-0.78125,,3.106855,0.0028333333333333335,13.844002709264467
119,119,119,119,119,119,119,119,119,8,ICE,Car,4-FI 1.5L,5-SP MANUAL,NO DATA,2500,,107.90807849999999,1006,85900,42.2607916667,-83.7357688889,51.0,8.97999954224,2787.0,18.4313735962,,,,,,,,,4.6875,,-0.78125,,0.0,0.009916666666666666,13.844002709264467
120,120,120,120,120,120,120,120,120,8,ICE,Car,4-FI 1.5L,5-SP MANUAL,NO DATA,2500,,107.90807849999999,1006,87100,42.2607916667,-83.7357688889,51.0,7.630000114439999,2802.0,18.4313735962,,,,,,,,,4.6875,,-0.78125,,0.0,0.016999999999999998,13.769891345724508
121,121,121,121,121,121,121,121,121,8,ICE,Car,4-FI 1.5L,5-SP MANUAL,NO DATA,2500,,107.90807849999999,1006,88700,42.2607916667,-83.7357688889,50.0,7.630000114439999,2802.0,18.4313735962,,,,,,,,,7.03125,,-0.78125,,-0.388356875,0.022222222222222223,13.4998934762005
122,122,122,122,122,122,122,122,122,8,ICE,Car,4-FI 1.5L,5-SP MANUAL,NO DATA,2500,,107.90807849999999,1006,88900,42.2606894444,-83.73527055560001,50.0,7.630000114439999,2802.0,18.4313735962,,,,,,,,,7.03125,,-0.78125,,0.0,0.002777777777777778,13.4998934762005
123,123,123,123,123,123,123,123,123,8,ICE,Car,4-FI 1.5L,5-SP MANUAL,NO DATA,2500,,107.90807849999999,1006,89500,42.2606894444,-83.73527055560001,50.0,7.32000017166,2714.0,18.4313735962,,,,,,,,,7.03125,,-0.78125,,0.0,0.008333333333333333,13.937620309621884
124,124,124,124,124,124,124,124,124,8,ICE,Car,4-FI 1.5L,5-SP MANUAL,NO DATA,2500,,107.90807849999999,1006,90800,42.2606894444,-83.73527055560001,49.0,7.32000017166,2714.0,18.4313735962,,,,,,,,,7.03125,,-0.78125,,-0.4779776923076922,0.017694444444444447,13.658867903429446
125,125,125,125,125,125,125,125,125,8,ICE,Car,4-FI 1.5L,5-SP MANUAL,NO DATA,2500,,107.90807849999999,1006,91600,42.2606894444,-83.73527055560001,49.0,8.02999973297,2679.0,18.4313735962,,,,,,,,,7.03125,,-0.78125,,0.0,0.010888888888888889,13.837315225796015
126,126,126,126,126,126,126,126,126,8,ICE,Car,4-FI 1.5L,5-SP MANUAL,NO DATA,2500,,107.90807849999999,1006,92000,42.2606125,-83.7347719444,49.0,8.02999973297,2679.0,18.4313735962,,,,,,,,,7.03125,,-0.78125,,0.0,0.0054444444444444445,13.837315225796015
127,127,127,127,127,127,127,127,127,8,ICE,Car,4-FI 1.5L,5-SP MANUAL,NO DATA,2500,,107.90807849999999,1006,92800,42.2606125,-83.7347719444,50.0,8.02999973297,2679.0,18.4313735962,,,,,,,,,7.03125,,-0.78125,,0.77671375,0.011111111111111112,14.119709414077564
128,128,128,128,128,128,128,128,128,8,ICE,Car,4-FI 1.5L,5-SP MANUAL,NO DATA,2500,,107.90807849999999,1006,93700,42.2606125,-83.7347719444,50.0,9.97999954224,2751.0,18.4313735962,,,,,,,,,7.03125,,-0.78125,,0.0,0.0125,13.750164129521554
129,129,129,129,129,129,129,129,129,8,ICE,Car,4-FI 1.5L,5-SP MANUAL,NO DATA,2500,,107.90807849999999,1006,94200,42.2606125,-83.7347719444,50.0,9.97999954224,2751.0,24.3137264252,,,,,,,,,6.25,,-0.78125,,0.0,0.006944444444444444,10.423511708908904
130,130,130,130,130,130,130,130,130,8,ICE,Car,4-FI 1.5L,5-SP MANUAL,NO DATA,2500,,107.90807849999999,1006,94900,42.2605702778,-83.73426694439999,50.0,9.97999954224,2751.0,24.3137264252,,,,,,,,,6.25,,-0.78125,,0.0,0.009722222222222222,10.423511708908904
131,131,131,131,131,131,131,131,131,8,ICE,Car,4-FI 1.5L,5-SP MANUAL,NO DATA,2500,,107.90807849999999,1006,95200,42.2605702778,-83.73426694439999,51.0,9.97999954224,2751.0,24.3137264252,,,,,,,,,6.25,,-0.78125,,2.0712366666666666,0.0042499999999999994,10.63198194308708
132,132,132,132,132,132,132,132,132,8,ICE,Car,4-FI 1.5L,5-SP MANUAL,NO DATA,2500,,107.90807849999999,1006,96200,42.2605702778,-83.73426694439999,51.0,6.349999904630001,2781.0,24.3137264252,,,,,,,,,6.25,,-0.78125,,0.0,0.014166666666666666,10.51728958124148
133,133,133,133,133,133,133,133,133,8,ICE,Car,4-FI 1.5L,5-SP MANUAL,NO DATA,2500,,107.90807849999999,1006,97400,42.2605702778,-83.73426694439999,50.0,6.349999904630001,2781.0,24.3137264252,,,,,,,,,6.25,,-0.78125,,-0.5178091666666667,0.016666666666666666,10.311068216903413
134,134,134,134,134,134,134,134,134,8,ICE,Car,4-FI 1.5L,5-SP MANUAL,NO DATA,2500,,107.90807849999999,1006,97900,42.260555833299996,-83.7337641667,50.0,6.349999904630001,2781.0,24.3137264252,,,,,,,,,6.25,,-0.78125,,0.0,0.006944444444444444,10.311068216903413
135,135,135,135,135,135,135,135,135,8,ICE,Car,4-FI 1.5L,5-SP MANUAL,NO DATA,2500,,107.90807849999999,1006,98400,42.260555833299996,-83.7337641667,50.0,5.5500001907300005,2653.0,24.3137264252,,,,,,,,,6.25,,-0.78125,,0.0,0.006944444444444444,10.80854908074195
136,136,136,136,136,136,136,136,136,8,ICE,Car,4-FI 1.5L,5-SP MANUAL,NO DATA,2500,,107.90807849999999,1006,98500,42.260555833299996,-83.7337641667,49.0,5.5500001907300005,2653.0,24.3137264252,,,,,,,,,6.25,,-0.78125,,-6.21371,0.0013611111111111111,10.592378099127108
137,137,137,137,137,137,137,137,137,8,ICE,Car,4-FI 1.5L,5-SP MANUAL,NO DATA,2500,,107.90807849999999,1006,99500,42.260555833299996,-83.7337641667,49.0,5.5500001907300005,2653.0,14.509803772,,,,,,,,,6.25,,-0.78125,,0.0,0.01361111111111111,17.749391193796807
138,138,138,138,138,138,138,138,138,8,ICE,Car,4-FI 1.5L,5-SP MANUAL,NO DATA,2500,,107.90807849999999,1006,100100,42.260555833299996,-83.7337641667,47.0,5.5500001907300005,2653.0,14.509803772,,,,,,,,,6.25,,-0.78125,,-2.0712366666666666,0.007833333333333333,17.024926247111225
139,139,139,139,139,139,139,139,139,8,ICE,Car,4-FI 1.5L,5-SP MANUAL,NO DATA,2500,,107.90807849999999,1006,100400,42.260555833299996,-83.7337641667,47.0,5.11000013351,2403.0,14.509803772,,,,,,,,,6.25,,-0.78125,,0.0,0.003916666666666666,18.79614204477157
140,140,140,140,140,140,140,140,140,8,ICE,Car,4-FI 1.5L,5-SP MANUAL,NO DATA,2500,,107.90807849999999,1006,101100,42.260555833299996,-83.7337641667,44.0,5.11000013351,2403.0,14.509803772,,,,,,,,,6.25,,-0.78125,,-2.663018571428572,0.008555555555555556,17.596388297232963
141,141,141,141,141,141,141,141,141,8,ICE,Car,4-FI 1.5L,5-SP MANUAL,NO DATA,2500,,107.90807849999999,1006,101900,42.2605761111,-83.7331652778,44.0,5.11000013351,2403.0,14.509803772,,,,,,,,,6.25,,-0.78125,,0.0,0.009777777777777778,17.596388297232963
142,142,142,142,142,142,142,142,142,8,ICE,Car,4-FI 1.5L,5-SP MANUAL,NO DATA,2500,,107.90807849999999,1006,102200,42.2605761111,-83.7331652778,42.0,5.11000013351,2403.0,14.509803772,,,,,,,,,6.25,,-0.78125,,-4.142473333333333,0.0035,16.796552465540554
143,143,143,143,143,143,143,143,143,8,ICE,Car,4-FI 1.5L,5-SP MANUAL,NO DATA,2500,,107.90807849999999,1006,102400,42.2605761111,-83.7331652778,42.0,4.94000005722,2192.0,14.509803772,,,,,,,,,6.25,,-0.78125,,0.0,0.0023333333333333335,18.41337389356476
144,144,144,144,144,144,144,144,144,8,ICE,Car,4-FI 1.5L,5-SP MANUAL,NO DATA,2500,,107.90807849999999,1006,103200,42.2605761111,-83.7331652778,40.0,4.94000005722,2192.0,14.509803772,,,,,,,,,6.25,,-0.78125,,-1.5534275,0.008888888888888889,17.53654656529977
145,145,145,145,145,145,145,145,145,8,ICE,Car,4-FI 1.5L,5-SP MANUAL,NO DATA,2500,,107.90807849999999,1006,104200,42.2605761111,-83.7331652778,38.0,4.94000005722,2192.0,14.509803772,,,,,,,,,6.25,,-0.78125,,-1.242742,0.010555555555555556,16.659719237034782
146,146,146,146,146,146,146,146,146,8,ICE,Car,4-FI 1.5L,5-SP MANUAL,NO DATA,2500,,107.90807849999999,1006,104400,42.2605761111,-83.7331652778,38.0,4.480000019069999,1990.0,14.509803772,,,,,,,,,6.25,,-0.78125,,0.0,0.0021111111111111113,18.350806315366953
147,147,147,147,147,147,147,147,147,8,ICE,Car,4-FI 1.5L,5-SP MANUAL,NO DATA,2500,,107.90807849999999,1006,104500,42.2605761111,-83.7331652778,38.0,4.480000019069999,1990.0,14.509803772,,,,,,,,,0.0,,-0.78125,,0.0,0.0010555555555555557,18.350806315366953
148,148,148,148,148,148,148,148,148,8,ICE,Car,4-FI 1.5L,5-SP MANUAL,NO DATA,2500,,107.90807849999999,1006,105000,42.2605919444,-83.732775,38.0,4.480000019069999,1990.0,14.509803772,,,,,,,,,0.0,,-0.78125,,0.0,0.005277777777777778,18.350806315366953
149,149,149,149,149,149,149,149,149,8,ICE,Car,4-FI 1.5L,5-SP MANUAL,NO DATA,2500,,107.90807849999999,1006,105700,42.2605919444,-83.732775,36.0,4.480000019069999,1990.0,14.509803772,,,,,,,,,0.0,,-0.78125,,-1.7753457142857143,0.006999999999999999,17.384974404031848
150,150,150,150,150,150,150,150,150,8,ICE,Car,4-FI 1.5L,5-SP MANUAL,NO DATA,2500,,107.90807849999999,1006,106700,42.2605919444,-83.732775,35.0,4.400000095369999,1890.0,14.509803772,,,,,,,,,0.0,,-0.78125,,-0.621371,0.009722222222222222,17.79634725515606
151,151,151,151,151,151,151,151,151,8,ICE,Car,4-FI 1.5L,5-SP MANUAL,NO DATA,2500,,107.90807849999999,1006,107800,42.2605919444,-83.732775,34.0,4.400000095369999,1890.0,14.509803772,,,,,,,,,0.0,,-0.78125,,-0.5648827272727273,0.01038888888888889,17.28788019072303
152,152,152,152,152,152,152,152,152,8,ICE,Car,4-FI 1.5L,5-SP MANUAL,NO DATA,2500,,107.90807849999999,1006,107900,42.2606061111,-83.7324216667,34.0,4.400000095369999,1890.0,14.509803772,,,,,,,,,0.0,,-0.78125,,0.0,0.0009444444444444445,17.28788019072303
153,153,153,153,153,153,153,153,153,8,ICE,Car,4-FI 1.5L,5-SP MANUAL,NO DATA,2500,,107.90807849999999,1006,108800,42.2606061111,-83.7324216667,35.0,11.949999809300001,1914.0,14.509803772,,,,,,,,,0.0,,-0.78125,,0.6904122222222222,0.00875,17.573195565436233
154,154,154,154,154,154,154,154,154,8,ICE,Car,4-FI 1.5L,5-SP MANUAL,NO DATA,2500,,107.90807849999999,1006,109500,42.2606061111,-83.7324216667,35.0,11.949999809300001,1914.0,41.5686264038,,,,,,,,,0.0,,0.0,,0.0,0.006805555555555555,6.134040052816154
155,155,155,155,155,155,155,155,155,8,ICE,Car,4-FI 1.5L,5-SP MANUAL,NO DATA,2500,,107.90807849999999,1006,110200,42.2606061111,-83.7324216667,37.0,11.949999809300001,1914.0,41.5686264038,,,,,,,,,0.0,,0.0,,1.7753457142857143,0.007194444444444444,6.484556627262792
156,156,156,156,156,156,156,156,156,8,ICE,Car,4-FI 1.5L,5-SP MANUAL,NO DATA,2500,,107.90807849999999,1006,110800,42.2606061111,-83.7324216667,37.0,12.239999771099999,2128.0,41.5686264038,,,,,,,,,0.0,,0.0,,0.0,0.006166666666666667,5.832444259671514
157,157,157,157,157,157,157,157,157,8,ICE,Car,4-FI 1.5L,5-SP MANUAL,NO DATA,2500,,107.90807849999999,1006,110900,42.2606208333,-83.7320436111,37.0,12.239999771099999,2128.0,41.5686264038,,,,,,,,,0.0,,0.0,,0.0,0.0010277777777777778,5.832444259671514
158,158,158,158,158,158,158,158,158,8,ICE,Car,4-FI 1.5L,5-SP MANUAL,NO DATA,2500,,107.90807849999999,1006,111500,42.2606208333,-83.7320436111,39.0,12.239999771099999,2128.0,41.5686264038,,,,,,,,,0.0,,0.0,,2.0712366666666666,0.0065,6.147711516951055
159,159,159,159,159,159,159,159,159,8,ICE,Car,4-FI 1.5L,5-SP MANUAL,NO DATA,2500,,107.90807849999999,1006,112900,42.2606208333,-83.7320436111,38.0,4.5999999046300015,2078.0,41.5686264038,,,,,,,,,0.0,,0.0,,-0.4438364285714286,0.014777777777777777,6.1342087325921115
160,160,160,160,160,160,160,160,160,8,ICE,Car,4-FI 1.5L,5-SP MANUAL,NO DATA,2500,,107.90807849999999,1006,113900,42.2606208333,-83.7320436111,37.0,4.5999999046300015,2078.0,41.5686264038,,,,,,,,,0.0,,0.0,,-0.621371,0.010277777777777778,5.972782186997585
161,161,161,161,161,161,161,161,161,8,ICE,Car,4-FI 1.5L,5-SP MANUAL,NO DATA,2500,,107.90807849999999,1006,114900,42.2606452778,-83.7315347222,37.0,4.5999999046300015,2078.0,41.5686264038,,,,,,,,,0.0,,0.0,,0.0,0.010277777777777778,5.972782186997585
162,162,162,162,162,162,162,162,162,8,ICE,Car,4-FI 1.5L,5-SP MANUAL,NO DATA,2500,,107.90807849999999,1006,115000,42.2606452778,-83.7315347222,37.0,12.460000038099999,2024.0,41.5686264038,,,,,,,,,2.34375,,0.0,,0.0,0.0010277777777777778,6.132135071433293
163,163,163,163,163,163,163,163,163,8,ICE,Car,4-FI 1.5L,5-SP MANUAL,NO DATA,2500,,107.90807849999999,1006,116000,42.2606452778,-83.7315347222,41.0,12.460000038099999,2024.0,41.5686264038,,,,,,,,,2.34375,,0.0,,2.485484,0.01138888888888889,6.795068592669325
164,164,164,164,164,164,164,164,164,8,ICE,Car,4-FI 1.5L,5-SP MANUAL,NO DATA,2500,,107.90807849999999,1006,117000,42.2606452778,-83.7315347222,42.0,12.170000076300001,2287.0,41.5686264038,,,,,,,,,2.34375,,0.0,,0.621371,0.011666666666666667,6.160324964279907
165,165,165,165,165,165,165,165,165,8,ICE,Car,4-FI 1.5L,5-SP MANUAL,NO DATA,2500,,107.90807849999999,1006,118000,42.2606608333,-83.7311202778,42.0,12.170000076300001,2287.0,41.5686264038,,,,,,,,,2.34375,,0.0,,0.0,0.011666666666666667,6.160324964279907
166,166,166,166,166,166,166,166,166,8,ICE,Car,4-FI 1.5L,5-SP MANUAL,NO DATA,2500,,107.90807849999999,1006,118100,42.2606608333,-83.7311202778,44.0,12.170000076300001,2287.0,41.5686264038,,,,,,,,,2.34375,,0.0,,12.42742,0.0012222222222222222,6.453673772102759
167,167,167,167,167,167,167,167,167,8,ICE,Car,4-FI 1.5L,5-SP MANUAL,NO DATA,2500,,107.90807849999999,1006,119000,42.2606608333,-83.7311202778,44.0,24.709999084499998,2597.0,41.5686264038,,,,,,,,,2.34375,,0.0,,0.0,0.011,5.6833084007697385
168,168,168,168,168,168,168,168,168,8,ICE,Car,4-FI 1.5L,5-SP MANUAL,NO DATA,2500,,107.90807849999999,1006,119100,42.2606608333,-83.7311202778,47.0,24.709999084499998,2597.0,41.5686264038,,,,,,,,,2.34375,,0.0,,18.64113,0.0013055555555555557,6.07080670082222
169,169,169,169,169,169,169,169,169,8,ICE,Car,4-FI 1.5L,5-SP MANUAL,NO DATA,2500,,107.90807849999999,1006,120000,42.2606608333,-83.7311202778,47.0,24.709999084499998,2597.0,21.568628311199998,,,,,,,,,0.78125,,0.0,,0.0,0.01175,11.700099425660904
170,170,170,170,170,170,170,170,170,8,ICE,Car,4-FI 1.5L,5-SP MANUAL,NO DATA,2500,,107.90807849999999,1006,120200,42.2606608333,-83.7311202778,48.0,24.709999084499998,2597.0,21.568628311199998,,,,,,,,,0.78125,,0.0,,3.106855,0.002666666666666667,11.94903771131326
171,171,171,171,171,171,171,171,171,8,ICE,Car,4-FI 1.5L,5-SP MANUAL,NO DATA,2500,,107.90807849999999,1006,121000,42.2606816667,-83.7306477778,48.0,24.709999084499998,2597.0,21.568628311199998,,,,,,,,,0.78125,,0.0,,0.0,0.010666666666666668,11.94903771131326
172,172,172,172,172,172,172,172,172,8,ICE,Car,4-FI 1.5L,5-SP MANUAL,NO DATA,2500,,107.90807849999999,1006,121300,42.2606816667,-83.7306477778,48.0,9.789999961849999,2632.0,21.568628311199998,,,,,,,,,0.78125,,0.0,,0.0,0.004,11.790140933237286
173,173,173,173,173,173,173,173,173,8,ICE,Car,4-FI 1.5L,5-SP MANUAL,NO DATA,2500,,107.90807849999999,1006,123300,42.2606816667,-83.7306477778,48.0,9.039999961849999,2615.0,21.568628311199998,,,,,,,,,0.78125,,0.0,,0.0,0.026666666666666665,11.866788120948579
174,174,174,174,174,174,174,174,174,8,ICE,Car,4-FI 1.5L,5-SP MANUAL,NO DATA,2500,,107.90807849999999,1006,123400,42.2606816667,-83.7306477778,47.0,9.039999961849999,2615.0,21.568628311199998,,,,,,,,,0.78125,,0.0,,-6.21371,0.0013055555555555557,11.61956336842882
175,175,175,175,175,175,175,175,175,8,ICE,Car,4-FI 1.5L,5-SP MANUAL,NO DATA,2500,,107.90807849999999,1006,123900,42.2607061111,-83.7301658333,47.0,9.039999961849999,2615.0,21.568628311199998,,,,,,,,,0.78125,,0.0,,0.0,0.006527777777777778,11.61956336842882
176,176,176,176,176,176,176,176,176,8,ICE,Car,4-FI 1.5L,5-SP MANUAL,NO DATA,2500,,107.90807849999999,1006,125200,42.2607061111,-83.7301658333,47.0,9.039999961849999,2615.0,43.137256622299994,,,,,,,,,2.34375,,0.0,,0.0,0.016972222222222225,5.809781684227878
177,177,177,177,177,177,177,177,177,8,ICE,Car,4-FI 1.5L,5-SP MANUAL,NO DATA,2500,,107.90807849999999,1006,125300,42.2607061111,-83.7301658333,47.0,17.2199993134,2692.0,43.137256622299994,,,,,,,,,2.34375,,0.0,,0.0,0.0013055555555555557,5.643602936202041
178,178,178,178,178,178,178,178,178,8,ICE,Car,4-FI 1.5L,5-SP MANUAL,NO DATA,2500,,107.90807849999999,1006,125400,42.2607061111,-83.7301658333,49.0,17.2199993134,2692.0,43.137256622299994,,,,,,,,,2.34375,,0.0,,12.42742,0.0013611111111111111,5.883756252636171
179,179,179,179,179,179,179,179,179,8,ICE,Car,4-FI 1.5L,5-SP MANUAL,NO DATA,2500,,107.90807849999999,1006,126800,42.2607061111,-83.7301658333,50.0,17.2199993134,2692.0,43.137256622299994,,,,,,,,,2.34375,,0.0,,0.4438364285714286,0.019444444444444445,6.003832910853237
180,180,180,180,180,180,180,180,180,8,ICE,Car,4-FI 1.5L,5-SP MANUAL,NO DATA,2500,,107.90807849999999,1006,126900,42.2607330556,-83.7296580556,50.0,17.2199993134,2692.0,43.137256622299994,,,,,,,,,2.34375,,0.0,,0.0,0.001388888888888889,6.003832910853237
181,181,181,181,181,181,181,181,181,8,ICE,Car,4-FI 1.5L,5-SP MANUAL,NO DATA,2500,,107.90807849999999,1006,127600,42.2607330556,-83.7296580556,50.0,6.4499998092699995,2819.0,43.137256622299994,,,,,,,,,2.34375,,0.0,,0.0,0.009722222222222222,5.733351612634591
182,182,182,182,182,182,182,182,182,8,ICE,Car,4-FI 1.5L,5-SP MANUAL,NO DATA,2500,,107.90807849999999,1006,127800,42.2607330556,-83.7296580556,53.0,6.4499998092699995,2819.0,43.137256622299994,,,,,,,,,2.34375,,0.0,,9.320565,0.0029444444444444444,6.077352709392666
183,183,183,183,183,183,183,183,183,8,ICE,Car,4-FI 1.5L,5-SP MANUAL,NO DATA,2500,,107.90807849999999,1006,128900,42.2607330556,-83.7296580556,52.0,6.4499998092699995,2819.0,43.137256622299994,,,,,,,,,2.34375,,0.0,,-0.5648827272727273,0.01588888888888889,5.962685677139975
184,184,184,184,184,184,184,184,184,8,ICE,Car,4-FI 1.5L,5-SP MANUAL,NO DATA,2500,,107.90807849999999,1006,129700,42.2607330556,-83.7296580556,52.0,19.2900009155,2078.0,43.137256622299994,,,,,,,,,2.34375,,0.0,,0.0,0.011555555555555557,8.08893692197189
185,185,185,185,185,185,185,185,185,8,ICE,Car,4-FI 1.5L,5-SP MANUAL,NO DATA,2500,,107.90807849999999,1006,129900,42.26076,-83.7291316667,52.0,19.2900009155,2078.0,43.137256622299994,,,,,,,,,2.34375,,0.0,,0.0,0.002888888888888889,8.08893692197189
186,186,186,186,186,186,186,186,186,8,ICE,Car,4-FI 1.5L,5-SP MANUAL,NO DATA,2500,,107.90807849999999,1006,130700,42.26076,-83.7291316667,52.0,19.2900009155,2078.0,34.1176490784,,,,,,,,,8.59375,,0.0,,0.0,0.011555555555555557,10.227391313008447
187,187,187,187,187,187,187,187,187,8,ICE,Car,4-FI 1.5L,5-SP MANUAL,NO DATA,2500,,107.90807849999999,1006,131500,42.26076,-83.7291316667,54.0,19.2900009155,2078.0,34.1176490784,,,,,,,,,8.59375,,0.0,,1.5534275,0.012,10.62075251735493
188,188,188,188,188,188,188,188,188,8,ICE,Car,4-FI 1.5L,5-SP MANUAL,NO DATA,2500,,107.90807849999999,1006,131700,42.26076,-83.7291316667,54.0,11.7299995422,2212.0,34.1176490784,,,,,,,,,8.59375,,0.0,,0.0,0.003,9.977361542072122
189,189,189,189,189,189,189,189,189,8,ICE,Car,4-FI 1.5L,5-SP MANUAL,NO DATA,2500,,107.90807849999999,1006,132900,42.2607816667,-83.7285708333,55.0,11.7299995422,2212.0,34.1176490784,,,,,,,,,8.59375,,0.0,,0.5178091666666667,0.018333333333333333,10.16212749655494
190,190,190,190,190,190,190,190,190,8,ICE,Car,4-FI 1.5L,5-SP MANUAL,NO DATA,2500,,107.90807849999999,1006,133900,42.2607816667,-83.7285708333,55.0,10.1000003815,2226.0,34.1176490784,,,,,,,,,8.59375,,0.0,,0.0,0.015277777777777777,10.098214745004283
191,191,191,191,191,191,191,191,191,8,ICE,Car,4-FI 1.5L,5-SP MANUAL,NO DATA,2500,,107.90807849999999,1006,134000,42.2607816667,-83.7285708333,56.0,10.1000003815,2226.0,34.1176490784,,,,,,,,,8.59375,,0.0,,6.21371,0.0015555555555555557,10.281818649458907
192,192,192,192,192,192,192,192,192,8,ICE,Car,4-FI 1.5L,5-SP MANUAL,NO DATA,2500,,107.90807849999999,1006,135100,42.2607816667,-83.7285708333,55.0,10.1000003815,2226.0,34.1176490784,,,,,,,,,8.59375,,0.0,,-0.5648827272727273,0.01680555555555556,10.098214745004283
193,193,193,193,193,193,193,193,193,8,ICE,Car,4-FI 1.5L,5-SP MANUAL,NO DATA,2500,,107.90807849999999,1006,136100,42.2607816667,-83.7285708333,55.0,9.789999961849999,2175.0,30.1960792542,,,,,,,,,4.6875,,0.0,,0.0,0.015277777777777777,11.677208696342475
194,194,194,194,194,194,194,194,194,8,ICE,Car,4-FI 1.5L,5-SP MANUAL,NO DATA,2500,,107.90807849999999,1006,136900,42.260813888899996,-83.72783249999998,55.0,9.789999961849999,2175.0,30.1960792542,,,,,,,,,4.6875,,0.0,,0.0,0.012222222222222223,11.677208696342475
195,195,195,195,195,195,195,195,195,8,ICE,Car,4-FI 1.5L,5-SP MANUAL,NO DATA,2500,,107.90807849999999,1006,138200,42.260813888899996,-83.72783249999998,55.0,11.5200004578,2203.0,30.1960792542,,,,,,,,,4.6875,,0.0,,0.0,0.019861111111111114,11.528792062889195
196,196,196,196,196,196,196,196,196,8,ICE,Car,4-FI 1.5L,5-SP MANUAL,NO DATA,2500,,107.90807849999999,1006,139900,42.260836388899996,-83.7272738889,55.0,11.5200004578,2203.0,30.1960792542,,,,,,,,,4.6875,,0.0,,0.0,0.02597222222222222,11.528792062889195
197,197,197,197,197,197,197,197,197,8,ICE,Car,4-FI 1.5L,5-SP MANUAL,NO DATA,2500,,107.90807849999999,1006,140200,42.260836388899996,-83.7272738889,55.0,5.15999984741,2167.0,30.1960792542,,,,,,,,,4.6875,,0.0,,0.0,0.004583333333333333,11.720317911649694
198,198,198,198,198,198,198,198,198,8,ICE,Car,4-FI 1.5L,5-SP MANUAL,NO DATA,2500,,107.90807849999999,1006,140900,42.260836388899996,-83.7272738889,54.0,5.15999984741,2167.0,30.1960792542,,,,,,,,,4.6875,,0.0,,-0.8876728571428572,0.010499999999999999,11.507221222346974
199,199,199,199,199,199,199,199,199,8,ICE,Car,4-FI 1.5L,5-SP MANUAL,NO DATA,2500,,107.90807849999999,1006,141100,42.260836388899996,-83.7272738889,54.0,5.15999984741,2167.0,15.686274528499998,,,,,,,,,3.90625,,0.0,,0.0,0.003,22.15140143023039
200,200,200,200,200,200,200,200,200,8,ICE,Car,4-FI 1.5L,5-SP MANUAL,NO DATA,2500,,107.90807849999999,1006,142400,42.260836388899996,-83.7272738889,53.0,5.4600000381500005,2122.0,15.686274528499998,,,,,,,,,3.90625,,0.0,,-0.4779776923076922,0.01913888888888889,22.202242867171
201,201,201,201,201,201,201,201,201,8,ICE,Car,4-FI 1.5L,5-SP MANUAL,NO DATA,2500,,107.90807849999999,1006,143000,42.2608622222,-83.72673499999998,53.0,5.4600000381500005,2122.0,15.686274528499998,,,,,,,,,3.90625,,0.0,,0.0,0.008833333333333334,22.202242867171
202,202,202,202,202,202,202,202,202,8,ICE,Car,4-FI 1.5L,5-SP MANUAL,NO DATA,2500,,107.90807849999999,1006,143800,42.2608622222,-83.72673499999998,52.0,5.4600000381500005,2122.0,15.686274528499998,,,,,,,,,3.90625,,0.0,,-0.77671375,0.011555555555555557,21.783332624394188
203,203,203,203,203,203,203,203,203,8,ICE,Car,4-FI 1.5L,5-SP MANUAL,NO DATA,2500,,107.90807849999999,1006,144600,42.2608622222,-83.72673499999998,52.0,8.02999973297,2072.0,15.686274528499998,,,,,,,,,3.90625,,0.0,,0.0,0.011555555555555557,22.308992195446173
204,204,204,204,204,204,204,204,204,8,ICE,Car,4-FI 1.5L,5-SP MANUAL,NO DATA,2500,,107.90807849999999,1006,145900,42.2608866667,-83.72620472220001,52.0,8.02999973297,2072.0,15.686274528499998,,,,,,,,,3.90625,,0.0,,0.0,0.01877777777777778,22.308992195446173
205,205,205,205,205,205,205,205,205,8,ICE,Car,4-FI 1.5L,5-SP MANUAL,NO DATA,2500,,107.90807849999999,1006,146100,42.2608866667,-83.72620472220001,52.0,8.02999973297,2072.0,27.4509811401,,,,,,,,,3.90625,,0.0,,0.0,0.002888888888888889,12.747995208110721
206,206,206,206,206,206,206,206,206,8,ICE,Car,4-FI 1.5L,5-SP MANUAL,NO DATA,2500,,107.90807849999999,1006,146700,42.2608866667,-83.72620472220001,52.0,9.42000007629,2075.0,27.4509811401,,,,,,,,,3.90625,,0.0,,0.0,0.008666666666666666,12.729564371665257
207,207,207,207,207,207,207,207,207,8,ICE,Car,4-FI 1.5L,5-SP MANUAL,NO DATA,2500,,107.90807849999999,1006,148800,42.2608866667,-83.72620472220001,52.0,4.5199999809300015,2061.0,27.4509811401,,,,,,,,,3.90625,,0.0,,0.0,0.030333333333333337,12.81603399864406
208,208,208,208,208,208,208,208,208,8,ICE,Car,4-FI 1.5L,5-SP MANUAL,NO DATA,2500,,107.90807849999999,1006,150000,42.2609119444,-83.7255036111,52.0,4.5199999809300015,2061.0,27.4509811401,,,,,,,,,3.90625,,0.0,,0.0,0.017333333333333333,12.81603399864406
209,209,209,209,209,209,209,209,209,8,ICE,Car,4-FI 1.5L,5-SP MANUAL,NO DATA,2500,,107.90807849999999,1006,150400,42.2609119444,-83.7255036111,50.0,4.5199999809300015,2061.0,27.4509811401,,,,,,,,,3.90625,,0.0,,-3.106855,0.005555555555555556,12.323109614080828
210,210,210,210,210,210,210,210,210,8,ICE,Car,4-FI 1.5L,5-SP MANUAL,NO DATA,2500,,107.90807849999999,1006,151200,42.2609119444,-83.7255036111,50.0,5.8699998855599995,1965.0,20.0,,,,,,,,,5.46875,,0.0,,0.0,0.011111111111111112,17.7404088456196
211,211,211,211,211,211,211,211,211,8,ICE,Car,4-FI 1.5L,5-SP MANUAL,NO DATA,2500,,107.90807849999999,1006,151400,42.2609119444,-83.7255036111,49.0,5.8699998855599995,1965.0,20.0,,,,,,,,,5.46875,,0.0,,-3.106855,0.0027222222222222222,17.385600668707205
212,212,212,212,212,212,212,212,212,8,ICE,Car,4-FI 1.5L,5-SP MANUAL,NO DATA,2500,,107.90807849999999,1006,152900,42.260935833299996,-83.7250052778,49.0,5.8699998855599995,1965.0,20.0,,,,,,,,,5.46875,,0.0,,0.0,0.020416666666666666,17.385600668707205
213,213,213,213,213,213,213,213,213,8,ICE,Car,4-FI 1.5L,5-SP MANUAL,NO DATA,2500,,107.90807849999999,1006,153300,42.260935833299996,-83.7250052778,49.0,8.199999809269999,1940.0,20.0,,,,,,,,,5.46875,,0.0,,0.0,0.0054444444444444445,17.60964191443797
214,214,214,214,214,214,214,214,214,8,ICE,Car,4-FI 1.5L,5-SP MANUAL,NO DATA,2500,,107.90807849999999,1006,154900,42.260935833299996,-83.7250052778,50.0,8.199999809269999,1940.0,20.0,,,,,,,,,5.46875,,0.0,,0.388356875,0.022222222222222223,17.969022361671396
215,215,215,215,215,215,215,215,215,8,ICE,Car,4-FI 1.5L,5-SP MANUAL,NO DATA,2500,,107.90807849999999,1006,155700,42.260935833299996,-83.7250052778,50.0,12.760000228900001,2021.0,20.0,,,,,,,,,5.46875,,0.0,,0.0,0.011111111111111112,17.248838882554434
216,216,216,216,216,216,216,216,216,8,ICE,Car,4-FI 1.5L,5-SP MANUAL,NO DATA,2500,,107.90807849999999,1006,155900,42.260935833299996,-83.7250052778,51.0,12.760000228900001,2021.0,20.0,,,,,,,,,5.46875,,0.0,,3.106855,0.0028333333333333335,17.593815660205518
217,217,217,217,217,217,217,217,217,8,ICE,Car,4-FI 1.5L,5-SP MANUAL,NO DATA,2500,,107.90807849999999,1006,156000,42.2609655556,-83.72450305560001,51.0,12.760000228900001,2021.0,20.0,,,,,,,,,5.46875,,0.0,,0.0,0.0014166666666666668,17.593815660205518
218,218,218,218,218,218,218,218,218,8,ICE,Car,4-FI 1.5L,5-SP MANUAL,NO DATA,2500,,107.90807849999999,1006,156200,42.2609655556,-83.72450305560001,51.0,12.760000228900001,2021.0,24.7058830261,,,,,,,,,2.34375,,0.0,,0.0,0.0028333333333333335,14.242612289242127
219,219,219,219,219,219,219,219,219,8,ICE,Car,4-FI 1.5L,5-SP MANUAL,NO DATA,2500,,107.90807849999999,1006,157700,42.2609655556,-83.72450305560001,51.0,7.110000133510001,2024.0,24.7058830261,,,,,,,,,2.34375,,0.0,,0.0,0.02125,14.221501697904325
220,220,220,220,220,220,220,220,220,8,ICE,Car,4-FI 1.5L,5-SP MANUAL,NO DATA,2500,,107.90807849999999,1006,159000,42.2609961111,-83.7239994444,51.0,7.110000133510001,2024.0,24.7058830261,,,,,,,,,2.34375,,0.0,,0.0,0.018416666666666668,14.221501697904325
221,221,221,221,221,221,221,221,221,8,ICE,Car,4-FI 1.5L,5-SP MANUAL,NO DATA,2500,,107.90807849999999,1006,159800,42.2609961111,-83.7239994444,51.0,8.92000007629,2045.0,24.7058830261,,,,,,,,,2.34375,,0.0,,0.0,0.011333333333333334,14.075461827167894
222,222,222,222,222,222,222,222,222,8,ICE,Car,4-FI 1.5L,5-SP MANUAL,NO DATA,2500,,107.90807849999999,1006,161200,42.2609961111,-83.7239994444,51.0,8.92000007629,2045.0,35.294116973899996,,,,,,,,,6.25,,0.0,,0.0,0.01983333333333333,9.852823735397733
223,223,223,223,223,223,223,223,223,8,ICE,Car,4-FI 1.5L,5-SP MANUAL,NO DATA,2500,,107.90807849999999,1006,161400,42.2609961111,-83.7239994444,52.0,8.92000007629,2045.0,35.294116973899996,,,,,,,,,6.25,,0.0,,3.106855,0.002888888888888889,10.046016357660429
224,224,224,224,224,224,224,224,224,8,ICE,Car,4-FI 1.5L,5-SP MANUAL,NO DATA,2500,,107.90807849999999,1006,162200,42.2609961111,-83.7239994444,52.0,7.369999885560001,2098.0,35.294116973899996,,,,,,,,,6.25,,0.0,,0.0,0.011555555555555557,9.792232340998847
225,225,225,225,225,225,225,225,225,8,ICE,Car,4-FI 1.5L,5-SP MANUAL,NO DATA,2500,,107.90807849999999,1006,163000,42.261025,-83.7233033333,52.0,7.369999885560001,2098.0,35.294116973899996,,,,,,,,,6.25,,0.0,,0.0,0.011555555555555557,9.792232340998847
226,226,226,226,226,226,226,226,226,8,ICE,Car,4-FI 1.5L,5-SP MANUAL,NO DATA,2500,,107.90807849999999,1006,164300,42.261025,-83.7233033333,52.0,4.400000095369999,2018.0,35.294116973899996,,,,,,,,,6.25,,0.0,,0.0,0.01877777777777778,10.180427874834283
227,227,227,227,227,227,227,227,227,8,ICE,Car,4-FI 1.5L,5-SP MANUAL,NO DATA,2500,,107.90807849999999,1006,164500,42.261025,-83.7233033333,51.0,4.400000095369999,2018.0,35.294116973899996,,,,,,,,,6.25,,0.0,,-3.106855,0.0028333333333333335,9.984650415702854
228,228,228,228,228,228,228,228,228,8,ICE,Car,4-FI 1.5L,5-SP MANUAL,NO DATA,2500,,107.90807849999999,1006,165900,42.261025,-83.7233033333,49.0,4.400000095369999,2018.0,35.294116973899996,,,,,,,,,6.25,,0.0,,-0.8876728571428572,0.019055555555555555,9.593095497439997
229,229,229,229,229,229,229,229,229,8,ICE,Car,4-FI 1.5L,5-SP MANUAL,NO DATA,2500,,107.90807849999999,1006,166000,42.2610377778,-83.7227941667,49.0,4.400000095369999,2018.0,35.294116973899996,,,,,,,,,6.25,,0.0,,0.0,0.0013611111111111111,9.593095497439997
230,230,230,230,230,230,230,230,230,8,ICE,Car,4-FI 1.5L,5-SP MANUAL,NO DATA,2500,,107.90807849999999,1006,166700,42.2610377778,-83.7227941667,49.0,8.260000228880001,1940.0,28.627450943000003,,,,,,,,,0.0,,0.0,,0.0,0.009527777777777777,12.302626559032765
231,231,231,231,231,231,231,231,231,8,ICE,Car,4-FI 1.5L,5-SP MANUAL,NO DATA,2500,,107.90807849999999,1006,166900,42.2610377778,-83.7227941667,48.0,8.260000228880001,1940.0,28.627450943000003,,,,,,,,,0.0,,0.0,,-3.106855,0.002666666666666667,12.051552547623933
232,232,232,232,232,232,232,232,232,8,ICE,Car,4-FI 1.5L,5-SP MANUAL,NO DATA,2500,,107.90807849999999,1006,168800,42.2610377778,-83.7227941667,48.0,7.530000209810001,1875.0,28.627450943000003,,,,,,,,,0.0,,0.0,,0.0,0.025333333333333333,12.469339702608227
233,233,233,233,233,233,233,233,233,8,ICE,Car,4-FI 1.5L,5-SP MANUAL,NO DATA,2500,,107.90807849999999,1006,169300,42.2610377778,-83.7227941667,47.0,7.530000209810001,1875.0,28.627450943000003,,,,,,,,,0.0,,0.0,,-1.242742,0.006527777777777778,12.209561792137222
234,234,234,234,234,234,234,234,234,8,ICE,Car,4-FI 1.5L,5-SP MANUAL,NO DATA,2500,,107.90807849999999,1006,169900,42.2610594444,-83.7221536111,47.0,7.530000209810001,1875.0,28.627450943000003,,,,,,,,,0.0,,0.0,,0.0,0.007833333333333333,12.209561792137222
235,235,235,235,235,235,235,235,235,8,ICE,Car,4-FI 1.5L,5-SP MANUAL,NO DATA,2500,,107.90807849999999,1006,170100,42.2610594444,-83.7221536111,47.0,7.530000209810001,1875.0,28.627450943000003,,,,,,,,,0.0,,0.78125,,0.0,0.0026111111111111114,12.209561792137222
236,236,236,236,236,236,236,236,236,8,ICE,Car,4-FI 1.5L,5-SP MANUAL,NO DATA,2500,,107.90807849999999,1006,170400,42.2610594444,-83.7221536111,46.0,7.530000209810001,1875.0,28.627450943000003,,,,,,,,,0.0,,0.78125,,-2.0712366666666666,0.003833333333333333,11.949783881666214
237,237,237,237,237,237,237,237,237,8,ICE,Car,4-FI 1.5L,5-SP MANUAL,NO DATA,2500,,107.90807849999999,1006,171000,42.2610594444,-83.7221536111,46.0,4.0500001907300005,1829.0,28.627450943000003,,,,,,,,,0.0,,0.78125,,0.0,0.007666666666666666,12.25032519306952
238,238,238,238,238,238,238,238,238,8,ICE,Car,4-FI 1.5L,5-SP MANUAL,NO DATA,2500,,107.90807849999999,1006,171900,42.2610594444,-83.7221536111,44.0,4.0500001907300005,1829.0,13.333333969100002,,,,,,,,,1.5625,,0.78125,,-1.3808244444444444,0.011,25.15859500801232
239,239,239,239,239,239,239,239,239,8,ICE,Car,4-FI 1.5L,5-SP MANUAL,NO DATA,2500,,107.90807849999999,1006,173000,42.2610769444,-83.72170444439999,44.0,4.0500001907300005,1829.0,13.333333969100002,,,,,,,,,1.5625,,0.78125,,0.0,0.013444444444444446,25.15859500801232
240,240,240,240,240,240,240,240,240,8,ICE,Car,4-FI 1.5L,5-SP MANUAL,NO DATA,2500,,107.90807849999999,1006,173500,42.2610769444,-83.72170444439999,42.0,3.75999999046,1675.0,13.333333969100002,,,,,,,,,1.5625,,0.78125,,-2.485484,0.005833333333333334,26.22297084566472
241,241,241,241,241,241,241,241,241,8,ICE,Car,4-FI 1.5L,5-SP MANUAL,NO DATA,2500,,107.90807849999999,1006,174600,42.2610769444,-83.72170444439999,41.0,3.75999999046,1675.0,13.333333969100002,,,,,,,,,1.5625,,0.78125,,-0.5648827272727273,0.01252777777777778,25.598614396958407
242,242,242,242,242,242,242,242,242,8,ICE,Car,4-FI 1.5L,5-SP MANUAL,NO DATA,2500,,107.90807849999999,1006,175700,42.2610769444,-83.72170444439999,41.0,19.7399997711,1621.0,13.333333969100002,,,,,,,,,1.5625,,0.78125,,0.0,0.01252777777777778,26.451375147998363
243,243,243,243,243,243,243,243,243,8,ICE,Car,4-FI 1.5L,5-SP MANUAL,NO DATA,2500,,107.90807849999999,1006,176000,42.2610866667,-83.7212847222,41.0,19.7399997711,1621.0,13.333333969100002,,,,,,,,,1.5625,,0.78125,,0.0,0.0034166666666666664,26.451375147998363
244,244,244,244,244,244,244,244,244,8,ICE,Car,4-FI 1.5L,5-SP MANUAL,NO DATA,2500,,107.90807849999999,1006,177200,42.2610866667,-83.7212847222,44.0,19.7399997711,1621.0,50.5882377625,,,,,,,,,2.34375,,0.78125,,1.5534275,0.014666666666666666,7.481803209952308
245,245,245,245,245,245,245,245,245,8,ICE,Car,4-FI 1.5L,5-SP MANUAL,NO DATA,2500,,107.90807849999999,1006,177700,42.2610866667,-83.7212847222,44.0,8.60999965668,1778.0,50.5882377625,,,,,,,,,2.34375,,0.78125,,0.0,0.006111111111111111,6.82114904574392
246,246,246,246,246,246,246,246,246,8,ICE,Car,4-FI 1.5L,5-SP MANUAL,NO DATA,2500,,107.90807849999999,1006,178900,42.2610994444,-83.72083527779999,44.0,8.60999965668,1778.0,50.5882377625,,,,,,,,,2.34375,,0.78125,,0.0,0.014666666666666666,6.82114904574392
247,247,247,247,247,247,247,247,247,8,ICE,Car,4-FI 1.5L,5-SP MANUAL,NO DATA,2500,,107.90807849999999,1006,179400,42.2610994444,-83.72083527779999,45.0,8.60999965668,1778.0,50.5882377625,,,,,,,,,2.34375,,0.78125,,1.242742,0.00625,6.97617516041992
248,248,248,248,248,248,248,248,248,8,ICE,Car,4-FI 1.5L,5-SP MANUAL,NO DATA,2500,,107.90807849999999,1006,179700,42.2610994444,-83.72083527779999,45.0,13.75,1859.0,50.5882377625,,,,,,,,,2.34375,,0.78125,,0.0,0.00375,6.672210562252077
249,249,249,249,249,249,249,249,249,8,ICE,Car,4-FI 1.5L,5-SP MANUAL,NO DATA,2500,,107.90807849999999,1006,180400,42.2610994444,-83.72083527779999,47.0,13.75,1859.0,50.5882377625,,,,,,,,,2.34375,,0.78125,,1.7753457142857143,0.009138888888888889,6.968753253907727
250,250,250,250,250,250,250,250,250,8,ICE,Car,4-FI 1.5L,5-SP MANUAL,NO DATA,2500,,107.90807849999999,1006,181900,42.2610994444,-83.72083527779999,48.0,14.100000381500001,1919.0,50.5882377625,,,,,,,,,2.34375,,0.78125,,0.4142473333333333,0.02,6.894501683641684
251,251,251,251,251,251,251,251,251,8,ICE,Car,4-FI 1.5L,5-SP MANUAL,NO DATA,2500,,107.90807849999999,1006,182000,42.2611183333,-83.7203533333,48.0,14.100000381500001,1919.0,50.5882377625,,,,,,,,,2.34375,,0.78125,,0.0,0.0013333333333333335,6.894501683641684
252,252,252,252,252,252,252,252,252,8,ICE,Car,4-FI 1.5L,5-SP MANUAL,NO DATA,2500,,107.90807849999999,1006,182200,42.2611183333,-83.7203533333,48.0,14.100000381500001,1919.0,30.980392456100002,,,,,,,,,5.46875,,0.78125,,0.0,0.002666666666666667,11.258110784756939
253,253,253,253,253,253,253,253,253,8,ICE,Car,4-FI 1.5L,5-SP MANUAL,NO DATA,2500,,107.90807849999999,1006,182900,42.2611183333,-83.7203533333,49.0,14.100000381500001,1919.0,30.980392456100002,,,,,,,,,5.46875,,0.78125,,0.8876728571428572,0.009527777777777777,11.492654759439375
254,254,254,254,254,254,254,254,254,8,ICE,Car,4-FI 1.5L,5-SP MANUAL,NO DATA,2500,,107.90807849999999,1006,183900,42.2611183333,-83.7203533333,51.0,14.100000381500001,2020.0,30.980392456100002,,,,,,,,,5.46875,,0.78125,,1.242742,0.014166666666666666,11.363655573364037
255,255,255,255,255,255,255,255,255,8,ICE,Car,4-FI 1.5L,5-SP MANUAL,NO DATA,2500,,107.90807849999999,1006,185000,42.2611183333,-83.7203533333,52.0,14.100000381500001,2020.0,30.980392456100002,,,,,,,,,5.46875,,0.78125,,0.5648827272727273,0.01588888888888889,11.586472349312348
256,256,256,256,256,256,256,256,256,8,ICE,Car,4-FI 1.5L,5-SP MANUAL,NO DATA,2500,,107.90807849999999,1006,186000,42.261145,-83.7196563889,53.0,7.420000076289999,2105.0,30.980392456100002,,,,,,,,,5.46875,,0.78125,,0.621371,0.014722222222222222,11.332429469371279
257,257,257,257,257,257,257,257,257,8,ICE,Car,4-FI 1.5L,5-SP MANUAL,NO DATA,2500,,107.90807849999999,1006,186800,42.261145,-83.7196563889,53.0,7.420000076289999,2105.0,30.980392456100002,,,,,,,,,5.46875,,0.78125,,0.0,0.011777777777777778,11.332429469371279
258,258,258,258,258,258,258,258,258,8,ICE,Car,4-FI 1.5L,5-SP MANUAL,NO DATA,2500,,107.90807849999999,1006,187400,42.261145,-83.7196563889,53.0,7.420000076289999,2105.0,26.666667938200003,,,,,,,,,3.90625,,0.78125,,0.0,0.008833333333333334,13.165616088812834
259,259,259,259,259,259,259,259,259,8,ICE,Car,4-FI 1.5L,5-SP MANUAL,NO DATA,2500,,107.90807849999999,1006,188400,42.261145,-83.7196563889,53.0,6.0500001907300005,2133.0,26.666667938200003,,,,,,,,,3.90625,,0.78125,,0.0,0.014722222222222222,12.99279037362917
260,260,260,260,260,260,260,260,260,8,ICE,Car,4-FI 1.5L,5-SP MANUAL,NO DATA,2500,,107.90807849999999,1006,189000,42.261171111100005,-83.71911444439999,53.0,6.0500001907300005,2133.0,26.666667938200003,,,,,,,,,3.90625,,0.78125,,0.0,0.008833333333333334,12.99279037362917
261,261,261,261,261,261,261,261,261,8,ICE,Car,4-FI 1.5L,5-SP MANUAL,NO DATA,2500,,107.90807849999999,1006,189500,42.261171111100005,-83.71911444439999,54.0,6.0500001907300005,2133.0,26.666667938200003,,,,,,,,,3.90625,,0.78125,,1.242742,0.0075,13.237937361810856
262,262,262,262,262,262,262,262,262,8,ICE,Car,4-FI 1.5L,5-SP MANUAL,NO DATA,2500,,107.90807849999999,1006,190500,42.261171111100005,-83.71911444439999,54.0,5.32999992371,2139.0,26.666667938200003,,,,,,,,,3.90625,,0.78125,,0.0,0.015,13.200804297682348
263,263,263,263,263,263,263,263,263,8,ICE,Car,4-FI 1.5L,5-SP MANUAL,NO DATA,2500,,107.90807849999999,1006,191900,42.2611875,-83.7185719444,54.0,5.32999992371,2139.0,26.666667938200003,,,,,,,,,3.90625,,0.78125,,0.0,0.020999999999999998,13.200804297682348
264,264,264,264,264,264,264,264,264,8,ICE,Car,4-FI 1.5L,5-SP MANUAL,NO DATA,2500,,107.90807849999999,1006,192800,42.2611875,-83.7185719444,54.0,4.67999982834,2124.0,14.509803772,,,,,,,,,0.0,,0.78125,,0.0,0.0135,24.432273350299
265,265,265,265,265,265,265,265,265,8,ICE,Car,4-FI 1.5L,5-SP MANUAL,NO DATA,2500,,107.90807849999999,1006,193600,42.2611875,-83.7185719444,51.0,4.67999982834,2124.0,14.509803772,,,,,,,,,0.0,,0.78125,,-2.33014125,0.011333333333333334,23.07492483083795
266,266,266,266,266,266,266,266,266,8,ICE,Car,4-FI 1.5L,5-SP MANUAL,NO DATA,2500,,107.90807849999999,1006,194800,42.2611875,-83.7185719444,51.0,4.36000013351,2016.0,14.509803772,,,,,,,,,0.0,,0.78125,,0.0,0.016999999999999998,24.311081518204265
267,267,267,267,267,267,267,267,267,8,ICE,Car,4-FI 1.5L,5-SP MANUAL,NO DATA,2500,,107.90807849999999,1006,194900,42.2611627778,-83.7180475,51.0,4.36000013351,2016.0,14.509803772,,,,,,,,,0.0,,0.78125,,0.0,0.0014166666666666668,24.311081518204265
268,268,268,268,268,268,268,268,268,8,ICE,Car,4-FI 1.5L,5-SP MANUAL,NO DATA,2500,,107.90807849999999,1006,195700,42.2611627778,-83.7180475,50.0,4.36000013351,2016.0,14.509803772,,,,,,,,,0.0,,0.78125,,-0.77671375,0.011111111111111112,23.83439364529829
269,269,269,269,269,269,269,269,269,8,ICE,Car,4-FI 1.5L,5-SP MANUAL,NO DATA,2500,,107.90807849999999,1006,196800,42.2611627778,-83.7180475,50.0,4.25,1976.0,14.509803772,,,,,,,,,0.0,,0.78125,,0.0,0.01527777777777778,24.31687124945413
270,270,270,270,270,270,270,270,270,8,ICE,Car,4-FI 1.5L,5-SP MANUAL,NO DATA,2500,,107.90807849999999,1006,197800,42.2611627778,-83.7180475,49.0,4.25,1976.0,14.509803772,,,,,,,,,0.0,,0.78125,,-0.621371,0.01361111111111111,23.83053382446505
271,271,271,271,271,271,271,271,271,8,ICE,Car,4-FI 1.5L,5-SP MANUAL,NO DATA,2500,,107.90807849999999,1006,198300,42.2611627778,-83.7180475,49.0,4.25,1976.0,15.686274528499998,,,,,,,,,0.0,,0.78125,,0.0,0.006805555555555555,22.04324353413325
272,272,272,272,272,272,272,272,272,8,ICE,Car,4-FI 1.5L,5-SP MANUAL,NO DATA,2500,,107.90807849999999,1006,199000,42.2610775,-83.71738527779999,49.0,4.25,1976.0,15.686274528499998,,,,,,,,,0.0,,0.78125,,0.0,0.009527777777777777,22.04324353413325
273,273,273,273,273,273,273,273,273,8,ICE,Car,4-FI 1.5L,5-SP MANUAL,NO DATA,2500,,107.90807849999999,1006,199100,42.2610775,-83.71738527779999,50.0,14.829999923699999,2003.0,15.686274528499998,,,,,,,,,0.0,,0.78125,,6.21371,0.001388888888888889,22.189903524023805
274,274,274,274,274,274,274,274,274,8,ICE,Car,4-FI 1.5L,5-SP MANUAL,NO DATA,2500,,107.90807849999999,1006,200200,42.2610775,-83.71738527779999,52.0,14.829999923699999,2003.0,15.686274528499998,,,,,,,,,0.0,,0.78125,,1.1297654545454543,0.01588888888888889,23.07749966498476
275,275,275,275,275,275,275,275,275,8,ICE,Car,4-FI 1.5L,5-SP MANUAL,NO DATA,2500,,107.90807849999999,1006,201200,42.2610775,-83.71738527779999,53.0,7.420000076289999,2094.0,15.686274528499998,,,,,,,,,0.0,,0.78125,,0.621371,0.014722222222222222,22.499120995289807
276,276,276,276,276,276,276,276,276,8,ICE,Car,4-FI 1.5L,5-SP MANUAL,NO DATA,2500,,107.90807849999999,1006,201900,42.26095,-83.7168594444,53.0,7.420000076289999,2094.0,15.686274528499998,,,,,,,,,0.0,,0.78125,,0.0,0.010305555555555556,22.499120995289807
277,277,277,277,277,277,277,277,277,8,ICE,Car,4-FI 1.5L,5-SP MANUAL,NO DATA,2500,,107.90807849999999,1006,203600,42.26095,-83.7168594444,53.0,4.480000019069999,2102.0,14.117647171,,,,,,,,,0.0,,0.78125,,0.0,0.025027777777777777,24.903879398422948
278,278,278,278,278,278,278,278,278,8,ICE,Car,4-FI 1.5L,5-SP MANUAL,NO DATA,2500,,107.90807849999999,1006,205000,42.2607702778,-83.7163838889,51.0,4.480000019069999,2102.0,14.117647171,,,,,,,,,0.0,,0.78125,,-0.8876728571428572,0.01983333333333333,23.964110364520195
279,279,279,279,279,279,279,279,279,8,ICE,Car,4-FI 1.5L,5-SP MANUAL,NO DATA,2500,,107.90807849999999,1006,206000,42.2607702778,-83.7163838889,50.0,4.900000095369999,1979.0,14.117647171,,,,,,,,,0.0,,0.78125,,-0.621371,0.013888888888888888,24.954453123592554
280,280,280,280,280,280,280,280,280,8,ICE,Car,4-FI 1.5L,5-SP MANUAL,NO DATA,2500,,107.90807849999999,1006,207100,42.2607702778,-83.7163838889,49.0,4.900000095369999,1979.0,14.117647171,,,,,,,,,0.0,,0.78125,,-0.5648827272727273,0.014972222222222225,24.4553640611207
281,281,281,281,281,281,281,281,281,8,ICE,Car,4-FI 1.5L,5-SP MANUAL,NO DATA,2500,,107.90807849999999,1006,208000,42.2605777778,-83.7159547222,49.0,4.900000095369999,1979.0,14.117647171,,,,,,,,,0.0,,0.78125,,0.0,0.01225,24.4553640611207
282,282,282,282,282,282,282,282,282,8,ICE,Car,4-FI 1.5L,5-SP MANUAL,NO DATA,2500,,107.90807849999999,1006,208200,42.2605777778,-83.7159547222,48.0,4.900000095369999,1919.0,14.117647171,,,,,,,,,0.0,,0.78125,,-3.106855,0.002666666666666667,24.705298708872377
283,283,283,283,283,283,283,283,283,8,ICE,Car,4-FI 1.5L,5-SP MANUAL,NO DATA,2500,,107.90807849999999,1006,208600,42.2605777778,-83.7159547222,48.0,4.900000095369999,1919.0,18.4313735962,,,,,,,,,0.0,,0.78125,,0.0,0.005333333333333334,18.92320659692613
284,284,284,284,284,284,284,284,284,8,ICE,Car,4-FI 1.5L,5-SP MANUAL,NO DATA,2500,,107.90807849999999,1006,210200,42.2605777778,-83.7159547222,48.0,6.6999998092699995,1873.0,18.4313735962,,,,,,,,,0.0,,0.78125,,0.0,0.021333333333333336,19.38795166017152
285,285,285,285,285,285,285,285,285,8,ICE,Car,4-FI 1.5L,5-SP MANUAL,NO DATA,2500,,107.90807849999999,1006,210800,42.2605777778,-83.7159547222,47.0,6.6999998092699995,1873.0,18.4313735962,,,,,,,,,0.0,,0.78125,,-1.0356183333333333,0.007833333333333333,18.98403600058461
286,286,286,286,286,286,286,286,286,8,ICE,Car,4-FI 1.5L,5-SP MANUAL,NO DATA,2500,,107.90807849999999,1006,211000,42.2603836111,-83.7155461111,47.0,6.6999998092699995,1873.0,18.4313735962,,,,,,,,,0.0,,0.78125,,0.0,0.0026111111111111114,18.98403600058461
287,287,287,287,287,287,287,287,287,8,ICE,Car,4-FI 1.5L,5-SP MANUAL,NO DATA,2500,,107.90807849999999,1006,212200,42.2603836111,-83.7155461111,47.0,10.1000003815,1905.0,18.4313735962,,,,,,,,,0.0,,0.78125,,0.0,0.015666666666666666,18.6651440572677
288,288,288,288,288,288,288,288,288,8,ICE,Car,4-FI 1.5L,5-SP MANUAL,NO DATA,2500,,107.90807849999999,1006,213000,42.2603836111,-83.7155461111,48.0,10.1000003815,1905.0,18.4313735962,,,,,,,,,0.0,,0.78125,,0.77671375,0.010666666666666668,19.062274781890405
289,289,289,289,289,289,289,289,289,8,ICE,Car,4-FI 1.5L,5-SP MANUAL,NO DATA,2500,,107.90807849999999,1006,214100,42.2603836111,-83.7155461111,48.0,10.1000003815,1905.0,27.0588245392,,,,,,,,,0.0,,0.78125,,0.0,0.014666666666666668,12.98444829299417
290,290,290,290,290,290,290,290,290,8,ICE,Car,4-FI 1.5L,5-SP MANUAL,NO DATA,2500,,107.90807849999999,1006,214300,42.2603836111,-83.7155461111,48.0,7.7899999618499995,1949.0,27.0588245392,,,,,,,,,0.0,,0.78125,,0.0,0.002666666666666667,12.69131554548686
291,291,291,291,291,291,291,291,291,8,ICE,Car,4-FI 1.5L,5-SP MANUAL,NO DATA,2500,,107.90807849999999,1006,215000,42.2601227778,-83.7149866667,48.0,7.7899999618499995,1949.0,27.0588245392,,,,,,,,,0.0,,0.78125,,0.0,0.009333333333333332,12.69131554548686
292,292,292,292,292,292,292,292,292,8,ICE,Car,4-FI 1.5L,5-SP MANUAL,NO DATA,2500,,107.90807849999999,1006,215100,42.2601227778,-83.7149866667,49.0,7.7899999618499995,1949.0,27.0588245392,,,,,,,,,0.0,,0.78125,,6.21371,0.0013611111111111111,12.955717952684505
293,293,293,293,293,293,293,293,293,8,ICE,Car,4-FI 1.5L,5-SP MANUAL,NO DATA,2500,,107.90807849999999,1006,216500,42.2601227778,-83.7149866667,50.0,10.4799995422,2004.0,27.0588245392,,,,,,,,,0.0,,0.78125,,0.4438364285714286,0.019444444444444445,12.857292705294563
294,294,294,294,294,294,294,294,294,8,ICE,Car,4-FI 1.5L,5-SP MANUAL,NO DATA,2500,,107.90807849999999,1006,217600,42.2601227778,-83.7149866667,51.0,10.4799995422,2004.0,27.0588245392,,,,,,,,,0.0,,0.78125,,0.5648827272727273,0.015583333333333336,13.114438559400456
295,295,295,295,295,295,295,295,295,8,ICE,Car,4-FI 1.5L,5-SP MANUAL,NO DATA,2500,,107.90807849999999,1006,218000,42.2599294444,-83.71453888890001,51.0,10.4799995422,2004.0,27.0588245392,,,,,,,,,0.0,,0.78125,,0.0,0.005666666666666667,13.114438559400456
296,296,296,296,296,296,296,296,296,8,ICE,Car,4-FI 1.5L,5-SP MANUAL,NO DATA,2500,,107.90807849999999,1006,218600,42.2599294444,-83.71453888890001,52.0,9.72999954224,2058.0,27.0588245392,,,,,,,,,0.0,,0.78125,,1.0356183333333333,0.008666666666666666,13.020726513443494
297,297,297,297,297,297,297,297,297,8,ICE,Car,4-FI 1.5L,5-SP MANUAL,NO DATA,2500,,107.90807849999999,1006,219100,42.2599294444,-83.71453888890001,52.0,9.72999954224,2058.0,45.0980415344,,,,,,,,,0.0,,0.78125,,0.0,0.007222222222222222,7.812435797936575
298,298,298,298,298,298,298,298,298,8,ICE,Car,4-FI 1.5L,5-SP MANUAL,NO DATA,2500,,107.90807849999999,1006,219700,42.2599294444,-83.71453888890001,53.0,9.72999954224,2058.0,45.0980415344,,,,,,,,,0.0,,0.78125,,1.0356183333333333,0.008833333333333334,7.962674947896893
299,299,299,299,299,299,299,299,299,8,ICE,Car,4-FI 1.5L,5-SP MANUAL,NO DATA,2500,,107.90807849999999,1006,220700,42.2599294444,-83.71453888890001,54.0,14.100000381500001,2156.0,45.0980415344,,,,,,,,,0.0,,0.78125,,0.621371,0.015,7.744145275227338
300,300,300,300,300,300,300,300,300,8,ICE,Car,4-FI 1.5L,5-SP MANUAL,NO DATA,2500,,107.90807849999999,1006,221900,42.2597019444,-83.7138616667,54.0,14.100000381500001,2156.0,45.0980415344,,,,,,,,,0.0,,0.78125,,0.0,0.018,7.744145275227338
301,301,301,301,301,301,301,301,301,8,ICE,Car,4-FI 1.5L,5-SP MANUAL,NO DATA,2500,,107.90807849999999,1006,222100,42.2597019444,-83.7138616667,55.0,14.100000381500001,2156.0,45.0980415344,,,,,,,,,0.0,,0.78125,,3.106855,0.0030555555555555557,7.887555372916732
302,302,302,302,302,302,302,302,302,8,ICE,Car,4-FI 1.5L,5-SP MANUAL,NO DATA,2500,,107.90807849999999,1006,223100,42.2597019444,-83.7138616667,54.0,6.1999998092699995,2157.0,45.0980415344,,,,,,,,,0.0,,0.78125,,-0.621371,0.015,7.740555036342207
303,303,303,303,303,303,303,303,303,8,ICE,Car,4-FI 1.5L,5-SP MANUAL,NO DATA,2500,,107.90807849999999,1006,224100,42.2597019444,-83.7138616667,54.0,6.1999998092699995,2157.0,20.0,,,,,,,,,6.25,,0.78125,,0.0,0.015,17.4541936264135
304,304,304,304,304,304,304,304,304,8,ICE,Car,4-FI 1.5L,5-SP MANUAL,NO DATA,2500,,107.90807849999999,1006,224900,42.259584999999994,-83.7133227778,54.0,6.1999998092699995,2157.0,20.0,,,,,,,,,6.25,,0.78125,,0.0,0.012,17.4541936264135
305,305,305,305,305,305,305,305,305,8,ICE,Car,4-FI 1.5L,5-SP MANUAL,NO DATA,2500,,107.90807849999999,1006,225200,42.259584999999994,-83.7133227778,54.0,10.7299995422,2122.0,20.0,,,,,,,,,6.25,,0.78125,,0.0,0.0045,17.74208089169365
306,306,306,306,306,306,306,306,306,8,ICE,Car,4-FI 1.5L,5-SP MANUAL,NO DATA,2500,,107.90807849999999,1006,227600,42.259584999999994,-83.7133227778,54.0,7.480000019069999,2160.0,20.0,,,,,,,,,6.25,,0.78125,,0.0,0.036,17.429951690821255
307,307,307,307,307,307,307,307,307,8,ICE,Car,4-FI 1.5L,5-SP MANUAL,NO DATA,2500,,107.90807849999999,1006,228000,42.259497499999995,-83.7127741667,54.0,7.480000019069999,2160.0,20.0,,,,,,,,,6.25,,0.78125,,0.0,0.006,17.429951690821255
308,308,308,308,308,308,308,308,308,8,ICE,Car,4-FI 1.5L,5-SP MANUAL,NO DATA,2500,,107.90807849999999,1006,229700,42.259497499999995,-83.7127741667,54.0,13.75,2144.0,43.5294113159,,,,,,,,,3.125,,0.78125,,0.0,0.0255,8.068120117561302
309,309,309,309,309,309,309,309,309,8,ICE,Car,4-FI 1.5L,5-SP MANUAL,NO DATA,2500,,107.90807849999999,1006,231000,42.259425,-83.712225,55.0,13.75,2144.0,43.5294113159,,,,,,,,,3.125,,0.78125,,0.4779776923076922,0.019861111111111114,8.217529749367992
310,310,310,310,310,310,310,310,310,8,ICE,Car,4-FI 1.5L,5-SP MANUAL,NO DATA,2500,,107.90807849999999,1006,231800,42.259425,-83.712225,55.0,19.5100002289,2230.0,43.5294113159,,,,,,,,,3.125,,0.78125,,0.0,0.012222222222222223,7.900620530334067
311,311,311,311,311,311,311,311,311,8,ICE,Car,4-FI 1.5L,5-SP MANUAL,NO DATA,2500,,107.90807849999999,1006,232000,42.259425,-83.712225,57.0,19.5100002289,2230.0,43.5294113159,,,,,,,,,3.125,,0.78125,,6.21371,0.003166666666666667,8.187915822346215
312,312,312,312,312,312,312,312,312,8,ICE,Car,4-FI 1.5L,5-SP MANUAL,NO DATA,2500,,107.90807849999999,1006,234000,42.259425,-83.712225,57.0,4.80999994278,2262.0,43.5294113159,,,,,,,,,3.125,,0.78125,,0.0,0.03166666666666667,8.072083237768378
313,313,313,313,313,313,313,313,313,8,ICE,Car,4-FI 1.5L,5-SP MANUAL,NO DATA,2500,,107.90807849999999,1006,235000,42.2593211111,-83.7114644444,57.0,4.80999994278,2262.0,14.509803772,,,,,,,,,7.03125,,0.78125,,0.0,0.015833333333333335,24.21624971324949
314,314,314,314,314,314,314,314,314,8,ICE,Car,4-FI 1.5L,5-SP MANUAL,NO DATA,2500,,107.90807849999999,1006,235200,42.2593211111,-83.7114644444,56.0,4.80999994278,2262.0,14.509803772,,,,,,,,,7.03125,,0.78125,,-3.106855,0.0031111111111111114,23.791403227052136
315,315,315,315,315,315,315,315,315,8,ICE,Car,4-FI 1.5L,5-SP MANUAL,NO DATA,2500,,107.90807849999999,1006,236100,42.2593211111,-83.7114644444,56.0,12.0200004578,2191.0,14.509803772,,,,,,,,,7.03125,,0.78125,,0.0,0.014,24.562370652483764
316,316,316,316,316,316,316,316,316,8,ICE,Car,4-FI 1.5L,5-SP MANUAL,NO DATA,2500,,107.90807849999999,1006,236300,42.2593211111,-83.7114644444,54.0,12.0200004578,2191.0,14.509803772,,,,,,,,,7.03125,,0.78125,,-6.21371,0.003,23.68514312918077
317,317,317,317,317,317,317,317,317,8,ICE,Car,4-FI 1.5L,5-SP MANUAL,NO DATA,2500,,107.90807849999999,1006,237700,42.2593211111,-83.7114644444,55.0,12.0200004578,2191.0,14.509803772,,,,,,,,,7.03125,,0.78125,,0.4438364285714286,0.021388888888888888,24.123756890832272
318,318,318,318,318,318,318,318,318,8,ICE,Car,4-FI 1.5L,5-SP MANUAL,NO DATA,2500,,107.90807849999999,1006,238000,42.2592269444,-83.7108961111,55.0,12.0200004578,2191.0,14.509803772,,,,,,,,,7.03125,,0.78125,,0.0,0.004583333333333333,24.123756890832272
319,319,319,319,319,319,319,319,319,8,ICE,Car,4-FI 1.5L,5-SP MANUAL,NO DATA,2500,,107.90807849999999,1006,238500,42.2592269444,-83.7108961111,55.0,4.71999979019,2175.0,14.509803772,,,,,,,,,7.03125,,0.78125,,0.0,0.007638888888888889,24.301219010488968
320,320,320,320,320,320,320,320,320,8,ICE,Car,4-FI 1.5L,5-SP MANUAL,NO DATA,2500,,107.90807849999999,1006,239700,42.2592269444,-83.7108961111,54.0,4.71999979019,2175.0,14.509803772,,,,,,,,,7.03125,,0.78125,,-0.5178091666666667,0.018,23.85937866484371
321,321,321,321,321,321,321,321,321,8,ICE,Car,4-FI 1.5L,5-SP MANUAL,NO DATA,2500,,107.90807849999999,1006,240000,42.2592269444,-83.7108961111,54.0,4.71999979019,2175.0,14.509803772,,,,,,,,,0.0,,0.78125,,0.0,0.0045,23.85937866484371
322,322,322,322,322,322,322,322,322,8,ICE,Car,4-FI 1.5L,5-SP MANUAL,NO DATA,2500,,107.90807849999999,1006,240500,42.2592269444,-83.7108961111,54.0,4.44000005722,2060.0,14.509803772,,,,,,,,,0.0,,0.78125,,0.0,0.0075,25.19133426991994
323,323,323,323,323,323,323,323,323,8,ICE,Car,4-FI 1.5L,5-SP MANUAL,NO DATA,2500,,107.90807849999999,1006,240800,42.2592269444,-83.7108961111,52.0,4.44000005722,2060.0,14.509803772,,,,,,,,,0.0,,0.78125,,-4.142473333333333,0.004333333333333333,24.25832188955253
324,324,324,324,324,324,324,324,324,8,ICE,Car,4-FI 1.5L,5-SP MANUAL,NO DATA,2500,,107.90807849999999,1006,240900,42.2591430556,-83.7103608333,52.0,4.44000005722,2060.0,14.509803772,,,,,,,,,0.0,,0.78125,,0.0,0.0014444444444444446,24.25832188955253
325,325,325,325,325,325,325,325,325,8,ICE,Car,4-FI 1.5L,5-SP MANUAL,NO DATA,2500,,107.90807849999999,1006,241800,42.2591430556,-83.7103608333,48.0,4.44000005722,2060.0,14.509803772,,,,,,,,,0.0,,0.78125,,-2.761648888888889,0.012,22.39229712881772
326,326,326,326,326,326,326,326,326,8,ICE,Car,4-FI 1.5L,5-SP MANUAL,NO DATA,2500,,107.90807849999999,1006,242600,42.2591430556,-83.7103608333,48.0,3.54999995232,1486.0,14.509803772,,,,,,,,,0.0,,0.78125,,0.0,0.010666666666666668,31.041811632143002
327,327,327,327,327,327,327,327,327,8,ICE,Car,4-FI 1.5L,5-SP MANUAL,NO DATA,2500,,107.90807849999999,1006,243200,42.2591430556,-83.7103608333,44.0,3.54999995232,1486.0,14.509803772,,,,,,,,,0.0,,0.78125,,-4.142473333333333,0.007333333333333333,28.45499399613109
328,328,328,328,328,328,328,328,328,8,ICE,Car,4-FI 1.5L,5-SP MANUAL,NO DATA,2500,,107.90807849999999,1006,244200,42.2591430556,-83.7103608333,43.0,3.54999995232,1486.0,14.509803772,,,,,,,,,0.0,,0.78125,,-0.621371,0.011944444444444445,27.808289587128108
329,329,329,329,329,329,329,329,329,8,ICE,Car,4-FI 1.5L,5-SP MANUAL,NO DATA,2500,,107.90807849999999,1006,244900,42.259044722199995,-83.70974555560001,43.0,3.54999995232,1486.0,14.509803772,,,,,,,,,0.0,,0.78125,,0.0,0.00836111111111111,27.808289587128108
330,330,330,330,330,330,330,330,330,8,ICE,Car,4-FI 1.5L,5-SP MANUAL,NO DATA,2500,,107.90807849999999,1006,245000,42.259044722199995,-83.70974555560001,43.0,21.329999923699997,1797.0,14.509803772,,,,,,,,,0.0,,0.78125,,0.0,0.0011944444444444446,22.99561398245541
331,331,331,331,331,331,331,331,331,8,ICE,Car,4-FI 1.5L,5-SP MANUAL,NO DATA,2500,,107.90807849999999,1006,245100,42.259044722199995,-83.70974555560001,43.0,21.329999923699997,1797.0,80.3921585083,,,,,,,,,0.0,,0.78125,,0.0,0.0011944444444444446,4.150427761777772
332,332,332,332,332,332,332,332,332,8,ICE,Car,4-FI 1.5L,5-SP MANUAL,NO DATA,2500,,107.90807849999999,1006,245200,42.259044722199995,-83.70974555560001,45.0,21.329999923699997,1797.0,80.3921585083,,,,,,,,,0.0,,0.78125,,12.42742,0.00125,4.343470913488367
333,333,333,333,333,333,333,333,333,8,ICE,Car,4-FI 1.5L,5-SP MANUAL,NO DATA,2500,,107.90807849999999,1006,246300,42.259044722199995,-83.70974555560001,49.0,21.329999923699997,1797.0,80.3921585083,,,,,,,,,0.0,,0.78125,,2.259530909090909,0.014972222222222225,4.729557216909554
334,334,334,334,334,334,334,334,334,8,ICE,Car,4-FI 1.5L,5-SP MANUAL,NO DATA,2500,,107.90807849999999,1006,247300,42.259044722199995,-83.70974555560001,49.0,8.02999973297,2126.0,80.3921585083,,,,,,,,,0.0,,0.78125,,0.0,0.01361111111111111,3.9976549006521487
335,335,335,335,335,335,335,335,335,8,ICE,Car,4-FI 1.5L,5-SP MANUAL,NO DATA,2500,,107.90807849999999,1006,247400,42.259044722199995,-83.70974555560001,53.0,8.02999973297,2126.0,80.3921585083,,,,,,,,,0.0,,0.78125,,24.85484,0.0014722222222222222,4.323994076215589
